Full_Path, IsValid,X,Y,ROI,Colour_group,N_in_clust,Area,Radius,Hue,Saturation,Rmean,Gmean,Bmean,Rsd,Gsd,Bsd, Comment
C:\Users\ealtman\Dropbox\Photos\G129singles\30April19\G129D-2.JPG,0,2293.92,1989.12,0,0,2,97,7,352,57,43.7216,27.6289,30.134,3.60745,2.74875,3.53075," ""2019-05-15 [12:38:18 PM]: no comment"""
C:\Users\ealtman\Dropbox\Photos\G129singles\30April19\G129D-2.JPG,0,2300.25,1979.25,0,0,2,41,5,10,66,44.0732,28.8537,26.2683,2.38617,2.40662,3.85439," ""2019-05-15 [12:38:18 PM]: no comment"""
C:\Users\ealtman\Dropbox\Photos\G129singles\30April19\G129D-2.JPG,0,318.96,1821.78,0,0,12,240,11,252,58,29.675,26.7958,43.4167,6.08947,4.42113,6.294," ""2019-05-15 [12:38:18 PM]: no comment"""
C:\Users\ealtman\Dropbox\Photos\G129singles\30April19\G129D-2.JPG,0,310.885,1812.08,0,0,12,240,10,252,62,27.6042,25.3583,41.4167,4.93245,3.63406,5.24477," ""2019-05-15 [12:38:18 PM]: no comment"""
C:\Users\ealtman\Dropbox\Photos\G129singles\30April19\G129D-2.JPG,0,8.99999,1698,0,0,4,72,6,300,31,46.3611,35.5556,45.9583,8.74113,5.53042,6.30837," ""2019-05-15 [12:38:18 PM]: no comment"""
C:\Users\ealtman\Dropbox\Photos\G129singles\30April19\G129D-2.JPG,0,4.8077,1685.54,0,0,4,83,5,326,46,52.0361,36.4337,45.2892,12.1338,8.88348,7.92217," ""2019-05-15 [12:38:18 PM]: no comment"""
C:\Users\ealtman\Dropbox\Photos\G129singles\30April19\G129D-2.JPG,0,2538.5,1676,0,0,6,2572,30,10,52,56.1392,40.0494,37.173,7.30159,9.01002,14.3051," ""2019-05-15 [12:38:18 PM]: no comment"""
C:\Users\ealtman\Dropbox\Photos\G129singles\30April19\G129D-2.JPG,0,2556,1520,0,0,4,53,5,26,76,122.264,89.8302,66,5.24776,6.719,4.8461," ""2019-05-15 [12:38:18 PM]: no comment"""
C:\Users\ealtman\Dropbox\Photos\G129singles\30April19\G129D-2.JPG,1,1524.91,1512.22,1,0,2,2603,30,300,18,157.47,141.887,157.399,4.8672,3.89369,3.2706," ""2019-05-15 [12:38:18 PM]: no comment"""
C:\Users\ealtman\Dropbox\Photos\G129singles\30April19\G129D-2.JPG,1,1554.27,1464.31,1,0,2,3316,33,300,19,158.176,142.344,157.828,5.9187,5.03276,3.99645," ""2019-05-15 [12:38:18 PM]: no comment"""
C:\Users\ealtman\Dropbox\Photos\G129singles\30April19\G129D-2.JPG,0,2012,1461,1,0,5,27,5,296,19,141.074,124.444,142.444,2.6761,1.73703,1.62854," ""2019-05-15 [12:38:18 PM]: no comment"""
C:\Users\ealtman\Dropbox\Photos\G129singles\30April19\G129D-2.JPG,0,2003,1437.5,1,0,5,941,21,276,21,133.332,121.499,141.211,4.65147,3.97978,3.14236," ""2019-05-15 [12:38:18 PM]: no comment"""
C:\Users\ealtman\Dropbox\Photos\G129singles\30April19\G129D-2.JPG,1,682.638,1040.49,1,0,2,462,15,324,23,163.061,144.74,155.695,3.80163,2.65199,2.27239," ""2019-05-15 [12:38:18 PM]: no comment"""
C:\Users\ealtman\Dropbox\Photos\G129singles\30April19\G129D-2.JPG,0,2314.6,1074.2,1,0,16,139,7,278,16,131.734,121.942,138.086,2.53415,1.95035,2.23779," ""2019-05-15 [12:38:18 PM]: no comment"""
C:\Users\ealtman\Dropbox\Photos\G129singles\30April19\G129D-2.JPG,0,2307.5,1066.5,1,0,16,89,6,272,15,131.303,122.663,138.191,2.38535,1.87337,2.06925," ""2019-05-15 [12:38:18 PM]: no comment"""
C:\Users\ealtman\Dropbox\Photos\G129singles\30April19\G129D-2.JPG,0,2325.5,1065,1,0,16,55,5,288,15,134.291,121.909,137.218,2.35744,1.93949,2.50986," ""2019-05-15 [12:38:18 PM]: no comment"""
C:\Users\ealtman\Dropbox\Photos\G129singles\30April19\G129D-2.JPG,0,2307.3,1056.1,1,0,16,134,7,278,16,132.224,122.388,138.493,2.40703,2.07835,1.65502," ""2019-05-15 [12:38:18 PM]: no comment"""
C:\Users\ealtman\Dropbox\Photos\G129singles\30April19\G129D-2.JPG,0,2320.8,1056.4,1,0,16,95,7,282,17,133.126,121.326,137.642,2.04873,1.8638,2.20452," ""2019-05-15 [12:38:18 PM]: no comment"""
C:\Users\ealtman\Dropbox\Photos\G129singles\30April19\G129D-2.JPG,1,2281,1045,1,0,16,1933,26,268,19,130.075,121,140.085,4.06813,3.50896,3.42326," ""2019-05-15 [12:38:18 PM]: no comment"""
C:\Users\ealtman\Dropbox\Photos\G129singles\30April19\G129D-2.JPG,0,2317,1042,1,0,16,155,8,274,16,131.845,122.703,139.297,2.20291,1.96503,2.23484," ""2019-05-15 [12:38:18 PM]: no comment"""
C:\Users\ealtman\Dropbox\Photos\G129singles\30April19\G129D-2.JPG,0,2302.97,1021.62,1,0,16,38,5,274,20,134.684,123.763,143.105,2.57456,2.08662,2.4652," ""2019-05-15 [12:38:18 PM]: no comment"""
C:\Users\ealtman\Dropbox\Photos\G129singles\30April19\G129D-2.JPG,1,777.503,904.827,1,0,2,2158,27,276,22,154.028,143.458,160.689,5.07371,3.97843,2.87471," ""2019-05-15 [12:38:18 PM]: no comment"""
C:\Users\ealtman\Dropbox\Photos\G129singles\30April19\G129D-2.JPG,1,798.229,866.416,1,0,2,1783,25,276,22,155.652,145.871,163.188,5.36647,4.34787,3.23645," ""2019-05-15 [12:38:18 PM]: no comment"""
C:\Users\ealtman\Dropbox\Photos\G129singles\30April19\G129D-2.JPG,0,2271.5,706,1,0,14,75,6,260,25,142.76,136.227,157.373,2.84637,1.77586,2.068," ""2019-05-15 [12:38:18 PM]: no comment"""
C:\Users\ealtman\Dropbox\Photos\G129singles\30April19\G129D-2.JPG,0,2283.25,695.75,1,0,14,198,10,262,24,143.374,135.091,155.652,2.9441,1.94912,2.33135," ""2019-05-15 [12:38:18 PM]: no comment"""
C:\Users\ealtman\Dropbox\Photos\G129singles\30April19\G129D-2.JPG,0,2270.01,693.87,1,0,14,233,11,260,26,143.137,136,157.725,2.58805,2.11563,2.4508," ""2019-05-15 [12:38:18 PM]: no comment"""
C:\Users\ealtman\Dropbox\Photos\G129singles\30April19\G129D-2.JPG,0,2260.5,675,1,0,14,47,5,260,24,145.511,139.34,159.319,2.23551,2.70452,2.18692," ""2019-05-15 [12:38:18 PM]: no comment"""
C:\Users\ealtman\Dropbox\Photos\G129singles\30April19\G129D-2.JPG,0,2902.5,508,0,0,2,53,5,44,148,109.075,87.9623,28.5849,7.37758,7.63883,4.40607," ""2019-05-15 [12:38:18 PM]: no comment"""
C:\Users\ealtman\Dropbox\Photos\G129singles\30April19\G129D-2.JPG,0,2154.2,491.426,1,0,2,906,19,256,29,153.971,148.374,170.299,4.72499,4.55471,3.60326," ""2019-05-15 [12:38:18 PM]: no comment"""
C:\Users\ealtman\Dropbox\Photos\G129singles\30April19\G129D-2.JPG,0,6.47297,465.838,0,0,4,53,6,250,32,66,62.717,81.3585,3.19777,2.08814,3.62135," ""2019-05-15 [12:38:18 PM]: no comment"""
C:\Users\ealtman\Dropbox\Photos\G129singles\30April19\G129D-2.JPG,0,2890.5,458,0,0,3,414,13,236,49,51.5845,53.5338,76.6329,20.0485,14.6482,6.49268," ""2019-05-15 [12:38:18 PM]: no comment"""
C:\Users\ealtman\Dropbox\Photos\G129singles\30April19\G129D-2.JPG,0,2891,439,0,0,3,465,13,236,54,47.6387,50.2925,73.6946,18.9954,14.4556,7.40575," ""2019-05-15 [12:38:18 PM]: no comment"""
C:\Users\ealtman\Dropbox\Photos\G129singles\30April19\G129D-2.JPG,0,1880,465,1,0,6,225,10,264,35,187.964,181.204,199.422,3.54359,2.48563,2.2839," ""2019-05-15 [12:38:18 PM]: no comment"""
C:\Users\ealtman\Dropbox\Photos\G129singles\30April19\G129D-2.JPG,0,1869,463.5,1,0,6,89,6,272,35,193.101,183.944,201.213,2.28993,1.90392,2.03285," ""2019-05-15 [12:38:18 PM]: no comment"""
C:\Users\ealtman\Dropbox\Photos\G129singles\30April19\G129D-2.JPG,0,1888.17,408.81,1,0,6,407,12,246,51,190.968,188.762,211.469,4.89941,4.16999,3.30445," ""2019-05-15 [12:38:18 PM]: no comment"""
C:\Users\ealtman\Dropbox\Photos\G129singles\30April19\G129D-2.JPG,0,266.423,414.615,0,0,3,106,7,258,44,54,47.8208,67.5283,3.99685,3.14475,3.59247," ""2019-05-15 [12:38:18 PM]: no comment"""
C:\Users\ealtman\Dropbox\Photos\G129singles\30April19\G129D-2.JPG,0,277,401,0,0,3,89,6,240,56,48.1685,48.3146,74.8539,4.31912,2.28601,2.84544," ""2019-05-15 [12:38:18 PM]: no comment"""
C:\Users\ealtman\Dropbox\Photos\G129singles\30April19\G129D-2.JPG,0,1551,366,1,0,7,255,11,260,80,218.408,210.608,232.161,3.82814,2.62672,4.17491," ""2019-05-15 [12:38:18 PM]: no comment"""
C:\Users\ealtman\Dropbox\Photos\G129singles\30April19\G129D-2.JPG,0,1488.95,361.35,1,0,7,134,7,296,49,227.09,215.306,228.209,2.12278,2.20464,2.19748," ""2019-05-15 [12:38:18 PM]: no comment"""
C:\Users\ealtman\Dropbox\Photos\G129singles\30April19\G129D-2.JPG,0,1498.26,357.708,1,0,7,101,7,276,67,223.743,214.228,231.168,4.18926,2.54074,2.61103," ""2019-05-15 [12:38:18 PM]: no comment"""
C:\Users\ealtman\Dropbox\Photos\G129singles\30April19\G129D-2.JPG,1,1581.9,349.546,1,0,7,895,20,236,150,204.936,207.811,242.231,10.1938,8.67038,7.35725," ""2019-05-15 [12:38:18 PM]: no comment"""
C:\Users\ealtman\Dropbox\Photos\G129singles\30April19\G129D-2.JPG,1,1518.22,345.393,1,0,7,1112,21,238,109,205.171,206.285,234.94,11.0439,8.54689,6.41057," ""2019-05-15 [12:38:18 PM]: no comment"""
C:\Users\ealtman\Dropbox\Photos\G129singles\30April19\G129D-2.JPG,1,1724.5,289.5,1,0,2,858,18,226,255,214.255,223.619,254.949,11.8969,9.89005,1.28511," ""2019-05-15 [12:38:18 PM]: no comment"""
C:\Users\ealtman\Dropbox\Photos\G129singles\30April19\G129D-2.JPG,0,372.5,285,0,0,2,53,5,236,55,53.8679,55.9245,83.7547,2.64876,2.13019,3.97096," ""2019-05-15 [12:38:18 PM]: no comment"""
C:\Users\ealtman\Dropbox\Photos\G129singles\30April19\G129D-2.JPG,0,378.5,279,0,0,2,55,5,236,57,54.2545,56.1091,85.3636,3.15084,2.85544,3.01236," ""2019-05-15 [12:38:18 PM]: no comment"""
C:\Users\ealtman\Dropbox\Photos\G129singles\30April19\G129D-2.JPG,0,321,270,0,0,2,176,8,234,61,71.9318,76.7557,117.426,3.00168,2.93428,3.32457," ""2019-05-15 [12:38:18 PM]: no comment"""
C:\Users\ealtman\Dropbox\Photos\G129singles\30April19\G129D-2.JPG,0,5.5,276,0,0,3,88,6,242,40,98.125,96.5114,133.023,7.81378,5.43897,4.87878," ""2019-05-15 [12:38:18 PM]: no comment"""
C:\Users\ealtman\Dropbox\Photos\G129singles\30April19\G129D-2.JPG,0,12.5,252.5,0,0,3,452,12,240,44,85.2168,85.0398,120.137,6.39599,4.78729,5.18211," ""2019-05-15 [12:38:18 PM]: no comment"""
C:\Users\ealtman\Dropbox\Photos\G129singles\30April19\G129D-2.JPG,0,1446.75,285.25,1,0,6,452,13,236,151,216.418,217.965,244.909,10.2308,7.01279,4.91482," ""2019-05-15 [12:38:18 PM]: no comment"""
C:\Users\ealtman\Dropbox\Photos\G129singles\30April19\G129D-2.JPG,0,1482.5,272,1,0,6,374,13,224,255,211.981,223.16,254.922,8.4304,6.26221,1.35356," ""2019-05-15 [12:38:18 PM]: no comment"""
C:\Users\ealtman\Dropbox\Photos\G129singles\30April19\G129D-2.JPG,0,1472.59,256.274,1,0,6,463,14,220,255,216.978,229.659,255,10.1581,6.75153,1," ""2019-05-15 [12:38:18 PM]: no comment"""
C:\Users\ealtman\Dropbox\Photos\G129singles\30April19\G129D-2.JPG,0,1486.46,236.308,1,0,6,514,15,222,255,217.776,229.158,255,10.4656,7.30734,1," ""2019-05-15 [12:38:18 PM]: no comment"""
C:\Users\ealtman\Dropbox\Photos\G129singles\30April19\G129D-2.JPG,0,2026,163.5,0,0,2,87,6,240,57,92.954,93.092,145.563,8.88846,4.1899,2.96347," ""2019-05-15 [12:38:18 PM]: no comment"""
C:\Users\ealtman\Dropbox\Photos\G129singles\30April19\G129D-2.JPG,0,2017.35,155.731,0,0,2,170,8,232,72,84.0706,91.7412,150.012,8.07238,3.87853,4.64609," ""2019-05-15 [12:38:18 PM]: no comment"""
C:\Users\ealtman\Dropbox\Photos\G129singles\30April19\G129D-2.JPG,0,1456.5,149.5,1,0,2,87,6,278,91,231.149,218.667,237.563,2.66456,2.16132,2.94582," ""2019-05-15 [12:38:18 PM]: no comment"""
C:\Users\ealtman\Dropbox\Photos\G129singles\30April19\G129D-2.JPG,0,1467.5,147.5,1,0,2,102,7,274,109,232.225,220.02,240.716,2.9499,2.4685,3.62483," ""2019-05-15 [12:38:18 PM]: no comment"""
C:\Users\ealtman\Dropbox\Photos\G129singles\30April19\G129D-2.JPG,0,1439.69,105.881,1,0,3,139,8,258,57,181.511,172.698,202.835,3.58208,2.69915,2.5436," ""2019-05-15 [12:38:18 PM]: no comment"""
C:\Users\ealtman\Dropbox\Photos\G129singles\30April19\G129D-2.JPG,0,1453.5,104.5,1,0,3,129,7,252,66,181.643,174.86,207.682,3.78367,3.22649,3.73928," ""2019-05-15 [12:38:18 PM]: no comment"""
C:\Users\ealtman\Dropbox\Photos\G129singles\30April19\G129D-2.JPG,0,1916.5,103,0,0,2,134,7,228,109,86.0522,106.284,186.53,6.69802,3.29409,3.24503," ""2019-05-15 [12:38:18 PM]: no comment"""
C:\Users\ealtman\Dropbox\Photos\G129singles\30April19\G129D-2.JPG,0,112,98.5,0,0,5,187,10,236,48,75.5508,78.385,111.118,2.68076,2.37253,2.66982," ""2019-05-15 [12:38:18 PM]: no comment"""
C:\Users\ealtman\Dropbox\Photos\G129singles\30April19\G129D-2.JPG,0,100,95,0,0,5,52,6,240,47,75.8269,75.8077,110.038,2.91875,2.05682,2.73162," ""2019-05-15 [12:38:18 PM]: no comment"""
C:\Users\ealtman\Dropbox\Photos\G129singles\30April19\G129D-2.JPG,0,87,37,0,0,3,75,6,234,54,75.1867,79.3333,114.56,2.20768,2.17,2.30884," ""2019-05-15 [12:38:18 PM]: no comment"""
C:\Users\ealtman\Dropbox\Photos\G129singles\30April19\G129D-2.JPG,0,2175.4,27.8,0,0,3,89,6,240,47,82,82.0899,119.213,2.52138,2.1081,2.68584," ""2019-05-15 [12:38:18 PM]: no comment"""
C:\Users\ealtman\Dropbox\Photos\G129singles\30April19\G129D-2.JPG,0,2171,21,0,0,3,54,5,240,45,82.9074,83.0741,119.259,2.82846,1.9594,2.82762," ""2019-05-15 [12:38:18 PM]: no comment"""
C:\Users\ealtman\Dropbox\Photos\G129singles\30April19\G129D-2.JPG,0,1706.5,3.5,0,0,2,50,5,220,255,152.28,185.92,255,3.79313,3.67462,1," ""2019-05-15 [12:38:18 PM]: no comment"""
C:\Users\ealtman\Dropbox\Photos\G129singles\30April19\G129D-2.JPG,0,1993.5,1994,0,0,1,54,5,314,40,48.2222,34.5741,45.4074,2.35628,2.89152,2.86109," ""2019-05-15 [12:38:18 PM]: no comment"""
C:\Users\ealtman\Dropbox\Photos\G129singles\30April19\G129D-2.JPG,0,1941,1811,0,0,1,59,6,318,34,60.3729,46.339,56.1525,11.3905,11.0095,10.7682," ""2019-05-15 [12:38:18 PM]: no comment"""
C:\Users\ealtman\Dropbox\Photos\G129singles\30April19\G129D-2.JPG,1,1743,1631.5,1,0,1,1377,21,284,21,144.285,129.692,149.475,3.70753,2.99663,2.59369," ""2019-05-15 [12:38:18 PM]: no comment"""
C:\Users\ealtman\Dropbox\Photos\G129singles\30April19\G129D-2.JPG,1,941.5,1520,1,0,1,2233,28,320,24,159.408,138.609,151.809,5.96523,4.96885,3.79023," ""2019-05-15 [12:38:18 PM]: no comment"""
C:\Users\ealtman\Dropbox\Photos\G129singles\30April19\G129D-2.JPG,1,1140,1492,1,0,1,187,9,312,20,163.428,146.615,159.727,2.86693,2.33701,2.31444," ""2019-05-15 [12:38:18 PM]: no comment"""
C:\Users\ealtman\Dropbox\Photos\G129singles\30April19\G129D-2.JPG,1,1736.88,1504.78,1,0,1,3789,37,290,20,147.641,132.694,150.755,4.76079,4.32988,3.28436," ""2019-05-15 [12:38:18 PM]: no comment"""
C:\Users\ealtman\Dropbox\Photos\G129singles\30April19\G129D-2.JPG,1,1266.25,1470.84,1,0,1,1424,23,304,21,164.118,148.03,162.553,5.29088,3.81046,2.82175," ""2019-05-15 [12:38:18 PM]: no comment"""
C:\Users\ealtman\Dropbox\Photos\G129singles\30April19\G129D-2.JPG,1,1601.76,1344.84,1,0,1,3947,36,312,21,165.064,148.683,162.091,5.55573,5.02722,4.02952," ""2019-05-15 [12:38:18 PM]: no comment"""
C:\Users\ealtman\Dropbox\Photos\G129singles\30April19\G129D-2.JPG,1,792.65,1248.69,1,0,1,3873,37,304,21,154.386,136.155,153.364,5.99652,4.85157,3.54787," ""2019-05-15 [12:38:18 PM]: no comment"""
C:\Users\ealtman\Dropbox\Photos\G129singles\30April19\G129D-2.JPG,1,1102.25,1201.75,1,0,1,4313,38,316,22,176.431,160.681,172.428,6.23453,4.80692,3.9422," ""2019-05-15 [12:38:18 PM]: no comment"""
C:\Users\ealtman\Dropbox\Photos\G129singles\30April19\G129D-2.JPG,1,2048.05,1112,1,0,1,1408,22,262,25,139.64,132.331,153.739,4.66557,3.9931,3.2807," ""2019-05-15 [12:38:18 PM]: no comment"""
C:\Users\ealtman\Dropbox\Photos\G129singles\30April19\G129D-2.JPG,1,1615.25,1095.75,1,0,1,295,11,330,30,188.064,170.292,179.146,3.84621,3.00079,2.32093," ""2019-05-15 [12:38:18 PM]: no comment"""
C:\Users\ealtman\Dropbox\Photos\G129singles\30April19\G129D-2.JPG,1,1891.14,1118.52,1,0,1,3639,34,274,21,149.419,139.08,157.223,6.00567,5.42158,4.28392," ""2019-05-15 [12:38:18 PM]: no comment"""
C:\Users\ealtman\Dropbox\Photos\G129singles\30April19\G129D-2.JPG,1,1652.99,1026.86,1,0,1,2403,29,316,23,177.895,162.723,174.099,6.91146,5.66475,4.71709," ""2019-05-15 [12:38:18 PM]: no comment"""
C:\Users\ealtman\Dropbox\Photos\G129singles\30April19\G129D-2.JPG,1,1432.8,974.4,1,0,1,3795,36,342,50,208.366,185.032,191.91,6.29904,5.48368,4.68403," ""2019-05-15 [12:38:18 PM]: no comment"""
C:\Users\ealtman\Dropbox\Photos\G129singles\30April19\G129D-2.JPG,1,690.632,934.779,1,0,1,859,18,320,23,162.375,144.135,156.315,4.32054,3.51985,2.52186," ""2019-05-15 [12:38:18 PM]: no comment"""
C:\Users\ealtman\Dropbox\Photos\G129singles\30April19\G129D-2.JPG,1,873,806,1,0,1,189,8,276,22,168.365,158.783,174.228,2.42504,2.50151,2.05714," ""2019-05-15 [12:38:18 PM]: no comment"""
C:\Users\ealtman\Dropbox\Photos\G129singles\30April19\G129D-2.JPG,1,1067.6,794.8,1,0,1,3082,32,296,21,181.257,168.886,182.348,5.83345,4.90121,4.00816," ""2019-05-15 [12:38:18 PM]: no comment"""
C:\Users\ealtman\Dropbox\Photos\G129singles\30April19\G129D-2.JPG,1,1661.47,717.414,1,0,1,1709,25,280,25,180.19,170.038,185.489,6.97083,6.23986,4.98498," ""2019-05-15 [12:38:18 PM]: no comment"""
C:\Users\ealtman\Dropbox\Photos\G129singles\30April19\G129D-2.JPG,1,1412.57,713.962,1,0,1,3900,37,304,23,189.961,176.612,188.974,7.60518,7.11254,6.16756," ""2019-05-15 [12:38:18 PM]: no comment"""
C:\Users\ealtman\Dropbox\Photos\G129singles\30April19\G129D-2.JPG,1,1297.84,652.62,1,0,1,4062,37,292,25,187.56,175.746,189.875,7.60105,7.22374,6.17133," ""2019-05-15 [12:38:18 PM]: no comment"""
C:\Users\ealtman\Dropbox\Photos\G129singles\30April19\G129D-2.JPG,1,1618.04,644.926,1,0,1,2683,30,272,29,181.81,173.147,189.981,7.71611,7.31294,6.30859," ""2019-05-15 [12:38:18 PM]: no comment"""
C:\Users\ealtman\Dropbox\Photos\G129singles\30April19\G129D-2.JPG,1,1442.23,553.346,1,0,1,4087,37,264,32,185.489,177.81,194.995,9.11484,8.78257,7.62941," ""2019-05-15 [12:38:18 PM]: no comment"""
C:\Users\ealtman\Dropbox\Photos\G129singles\30April19\G129D-2.JPG,0,71.5,490,0,0,1,48,5,240,45,71.5833,72.2917,103.417,2.60511,2.38381,2.45535," ""2019-05-15 [12:38:18 PM]: no comment"""
C:\Users\ealtman\Dropbox\Photos\G129singles\30April19\G129D-2.JPG,1,1704.73,433.346,1,0,1,171,8,242,83,195.234,194.287,223.977,3.20664,2.48867,2.4668," ""2019-05-15 [12:38:18 PM]: no comment"""
C:\Users\ealtman\Dropbox\Photos\G129singles\30April19\G129D-2.JPG,0,1999.17,445.347,1,0,1,1329,24,250,37,168.668,165.065,188.074,6.09582,4.81448,4.20773," ""2019-05-15 [12:38:18 PM]: no comment"""
C:\Users\ealtman\Dropbox\Photos\G129singles\30April19\G129D-2.JPG,1,872,418,1,0,1,511,14,296,20,158.342,143.339,158.853,2.59688,2.84446,3.21452," ""2019-05-15 [12:38:18 PM]: no comment"""
C:\Users\ealtman\Dropbox\Photos\G129singles\30April19\wt_30April19.JPG,0,2469.5,1988.5,0,0,2,330,11,0,52,53.2727,35.3939,35.003,4.59354,5.75929,9.14992," ""2019-05-15 [12:42:27 PM]: no comment"""
C:\Users\ealtman\Dropbox\Photos\G129singles\30April19\wt_30April19.JPG,0,347,1990,0,0,2,189,8,300,40,37.1852,26.9577,37.2963,5.52537,3.16228,3.35186," ""2019-05-15 [12:42:27 PM]: no comment"""
C:\Users\ealtman\Dropbox\Photos\G129singles\30April19\wt_30April19.JPG,0,338.9,1976.7,0,0,2,80,6,310,45,36.725,25.55,34.55,5.37314,2.67257,2.80901," ""2019-05-15 [12:42:27 PM]: no comment"""
C:\Users\ealtman\Dropbox\Photos\G129singles\30April19\wt_30April19.JPG,0,2496.5,1958,0,0,2,89,6,348,46,49.427,34.3034,36.7753,7.76223,4.79652,4.29369," ""2019-05-15 [12:42:27 PM]: no comment"""
C:\Users\ealtman\Dropbox\Photos\G129singles\30April19\wt_30April19.JPG,0,2504.91,1951.65,0,0,2,88,7,350,57,52.375,32.7727,36.0909,7.08708,3.42959,4.61385," ""2019-05-15 [12:42:27 PM]: no comment"""
C:\Users\ealtman\Dropbox\Photos\G129singles\30April19\wt_30April19.JPG,0,1745,1943.5,0,0,3,69,5,356,55,48.4928,30.8696,32.058,10.6768,7.73927,5.58695," ""2019-05-15 [12:42:27 PM]: no comment"""
C:\Users\ealtman\Dropbox\Photos\G129singles\30April19\wt_30April19.JPG,0,1736.5,1943,0,0,3,45,5,356,59,53.2444,33.1556,34.3333,8.82064,6.2787,4.28634," ""2019-05-15 [12:42:27 PM]: no comment"""
C:\Users\ealtman\Dropbox\Photos\G129singles\30April19\wt_30April19.JPG,0,817.4,1915.7,0,0,7,145,8,246,65,43.7862,40.9034,68.6414,4.89374,3.3732,2.94644," ""2019-05-15 [12:42:27 PM]: no comment"""
C:\Users\ealtman\Dropbox\Photos\G129singles\30April19\wt_30April19.JPG,0,759.5,1916,0,0,7,140,7,244,68,38.1357,35.6214,62.4143,6.46444,3.83213,3.00352," ""2019-05-15 [12:42:27 PM]: no comment"""
C:\Users\ealtman\Dropbox\Photos\G129singles\30April19\wt_30April19.JPG,0,794,1912.5,0,0,7,221,10,244,69,39.7014,38.1538,66.3167,6.59504,3.76105,2.93541," ""2019-05-15 [12:42:27 PM]: no comment"""
C:\Users\ealtman\Dropbox\Photos\G129singles\30April19\wt_30April19.JPG,0,775.34,1914.88,0,0,7,136,8,246,72,39.6838,37.0368,65.7647,3.99191,3.63575,2.87175," ""2019-05-15 [12:42:27 PM]: no comment"""
C:\Users\ealtman\Dropbox\Photos\G129singles\30April19\wt_30April19.JPG,0,2694.16,1684.97,0,0,6,143,8,24,140,48.1888,28.4126,13.5734,3.30521,2.80647,3.48489," ""2019-05-15 [12:42:27 PM]: no comment"""
C:\Users\ealtman\Dropbox\Photos\G129singles\30April19\wt_30April19.JPG,0,2693,1649,0,0,6,188,9,24,148,52.9787,29.7872,13.8564,4.0017,3.04405,5.05489," ""2019-05-15 [12:42:27 PM]: no comment"""
C:\Users\ealtman\Dropbox\Photos\G129singles\30April19\wt_30April19.JPG,0,869.25,1247.25,1,0,8,264,12,340,29,166.909,144.125,151.811,3.1897,3.31994,2.9213," ""2019-05-15 [12:42:27 PM]: no comment"""
C:\Users\ealtman\Dropbox\Photos\G129singles\30April19\wt_30April19.JPG,1,1209.7,1266.34,1,0,2,3342,34,342,33,185.009,164.271,170.115,4.72236,3.54039,3.05309," ""2019-05-15 [12:42:27 PM]: no comment"""
C:\Users\ealtman\Dropbox\Photos\G129singles\30April19\wt_30April19.JPG,1,1175.5,1218.5,1,0,2,3209,33,346,34,186.815,165.801,171.392,5.10507,3.98028,3.27406," ""2019-05-15 [12:42:27 PM]: no comment"""
C:\Users\ealtman\Dropbox\Photos\G129singles\30April19\wt_30April19.JPG,0,2106,991.5,1,0,17,89,6,336,18,159.213,144.258,150.36,2.82043,1.67919,2.39217," ""2019-05-15 [12:42:27 PM]: no comment"""
C:\Users\ealtman\Dropbox\Photos\G129singles\30April19\wt_30April19.JPG,0,2092.99,991.553,1,0,17,107,8,334,20,161.14,145.159,152.028,2.6825,2.0153,2.0718," ""2019-05-15 [12:42:27 PM]: no comment"""
C:\Users\ealtman\Dropbox\Photos\G129singles\30April19\wt_30April19.JPG,1,2083,987,1,0,17,54,5,336,23,163.574,146.278,153.241,2.02924,1.89062,2.34626," ""2019-05-15 [12:42:27 PM]: no comment"""
C:\Users\ealtman\Dropbox\Photos\G129singles\30April19\wt_30April19.JPG,0,2097.59,980.262,1,0,17,200,10,332,21,161.015,144.28,151.945,2.57949,2.01568,2.33116," ""2019-05-15 [12:42:27 PM]: no comment"""
C:\Users\ealtman\Dropbox\Photos\G129singles\30April19\wt_30April19.JPG,0,2111,978,1,0,17,54,5,334,20,159.537,143.796,150.593,1.76286,1.8023,2.69442," ""2019-05-15 [12:42:27 PM]: no comment"""
C:\Users\ealtman\Dropbox\Photos\G129singles\30April19\wt_30April19.JPG,0,2082.5,976,1,0,17,323,12,338,22,163.616,146.734,153.152,2.68622,2.29431,2.53147," ""2019-05-15 [12:42:27 PM]: no comment"""
C:\Users\ealtman\Dropbox\Photos\G129singles\30April19\wt_30April19.JPG,0,2097.5,968,1,0,17,113,7,328,21,160.761,144.434,152.726,2.13101,1.95821,2.34525," ""2019-05-15 [12:42:27 PM]: no comment"""
C:\Users\ealtman\Dropbox\Photos\G129singles\30April19\wt_30April19.JPG,0,2089.5,962,1,0,17,116,7,334,23,162.672,145.431,153.086,2.45493,1.68511,2.19315," ""2019-05-15 [12:42:27 PM]: no comment"""
C:\Users\ealtman\Dropbox\Photos\G129singles\30April19\wt_30April19.JPG,0,2080,961,1,0,17,49,5,334,23,165,147.265,154.612,2.51186,2.06475,2.22585," ""2019-05-15 [12:42:27 PM]: no comment"""
C:\Users\ealtman\Dropbox\Photos\G129singles\30April19\wt_30April19.JPG,0,2086.5,955,1,0,17,55,5,332,22,163.655,147.2,154.618,2.08239,1.90252,2.0701," ""2019-05-15 [12:42:27 PM]: no comment"""
C:\Users\ealtman\Dropbox\Photos\G129singles\30April19\wt_30April19.JPG,1,1200.75,639.48,1,0,2,2741,31,334,24,179.078,162.618,170.356,5.26889,4.63418,3.99644," ""2019-05-15 [12:42:27 PM]: no comment"""
C:\Users\ealtman\Dropbox\Photos\G129singles\30April19\wt_30April19.JPG,1,1152.5,634,1,0,2,1794,24,330,25,179.593,164.112,171.602,3.56802,3.06344,3.00109," ""2019-05-15 [12:42:27 PM]: no comment"""
C:\Users\ealtman\Dropbox\Photos\G129singles\30April19\wt_30April19.JPG,0,1679.5,545,1,0,2,54,5,326,27,196.056,182.296,190.241,3.29667,2.57091,2.18533," ""2019-05-15 [12:42:27 PM]: no comment"""
C:\Users\ealtman\Dropbox\Photos\G129singles\30April19\wt_30April19.JPG,1,1697.75,540.25,1,0,2,946,18,324,25,195.077,181.597,190.311,3.37663,3.68335,3.86604," ""2019-05-15 [12:42:27 PM]: no comment"""
C:\Users\ealtman\Dropbox\Photos\G129singles\30April19\wt_30April19.JPG,0,286,466,0,0,2,53,5,242,38,70.434,68.5283,93.1509,2.98589,2.02061,2.37904," ""2019-05-15 [12:42:27 PM]: no comment"""
C:\Users\ealtman\Dropbox\Photos\G129singles\30April19\wt_30April19.JPG,0,433.5,462,0,0,6,77,6,236,73,39.4935,41.1558,70.1558,3.36656,2.7061,3.59402," ""2019-05-15 [12:42:27 PM]: no comment"""
C:\Users\ealtman\Dropbox\Photos\G129singles\30April19\wt_30April19.JPG,0,439.5,454,0,0,6,54,5,230,74,38.1111,42.8333,69.1111,2.87248,3.1235,3.66435," ""2019-05-15 [12:42:27 PM]: no comment"""
C:\Users\ealtman\Dropbox\Photos\G129singles\30April19\wt_30April19.JPG,0,2494.21,435.177,0,0,2,70,6,274,32,84.7857,73.3286,93.6,2.35111,2.10481,2.6423," ""2019-05-15 [12:42:27 PM]: no comment"""
C:\Users\ealtman\Dropbox\Photos\G129singles\30April19\wt_30April19.JPG,0,459,429.5,0,0,5,78,6,232,63,46.1154,49.6026,76.359,3.26445,3.56875,4.08002," ""2019-05-15 [12:42:27 PM]: no comment"""
C:\Users\ealtman\Dropbox\Photos\G129singles\30April19\wt_30April19.JPG,0,472.5,418,0,0,5,52,5,238,54,49.5385,50.5769,77.0962,2.64623,2.32064,3.27241," ""2019-05-15 [12:42:27 PM]: no comment"""
C:\Users\ealtman\Dropbox\Photos\G129singles\30April19\wt_30April19.JPG,0,488.75,400.25,0,0,5,134,7,238,58,47.8433,48.8433,75.6343,4.03673,2.81558,3.57294," ""2019-05-15 [12:42:27 PM]: no comment"""
C:\Users\ealtman\Dropbox\Photos\G129singles\30April19\wt_30April19.JPG,0,523.171,358.463,0,0,2,134,9,236,59,46.7313,48.7015,75.2836,3.76482,3.02606,4.14479," ""2019-05-15 [12:42:27 PM]: no comment"""
C:\Users\ealtman\Dropbox\Photos\G129singles\30April19\wt_30April19.JPG,0,528.5,350.5,0,0,2,140,8,238,58,48.3286,48.9786,75.8,3.5786,2.79868,4.18299," ""2019-05-15 [12:42:27 PM]: no comment"""
C:\Users\ealtman\Dropbox\Photos\G129singles\30April19\wt_30April19.JPG,0,1666.25,350.75,1,0,3,379,13,254,64,214.195,209.528,227.509,6.90057,5.59507,4.24493," ""2019-05-15 [12:42:27 PM]: no comment"""
C:\Users\ealtman\Dropbox\Photos\G129singles\30April19\wt_30April19.JPG,0,158.588,332.428,0,0,4,75,7,238,45,72.8933,73.8533,103.907,2.6937,2.67884,3.09236," ""2019-05-15 [12:42:27 PM]: no comment"""
C:\Users\ealtman\Dropbox\Photos\G129singles\30April19\wt_30April19.JPG,0,162,326,0,0,4,78,7,240,43,72.5897,73.0769,102.731,3.36663,2.51716,3.20531," ""2019-05-15 [12:42:27 PM]: no comment"""
C:\Users\ealtman\Dropbox\Photos\G129singles\30April19\wt_30April19.JPG,0,146.673,283.135,0,0,3,89,6,236,51,66.4831,67.8202,98.8876,2.71649,2.78358,3.12232," ""2019-05-15 [12:42:27 PM]: no comment"""
C:\Users\ealtman\Dropbox\Photos\G129singles\30April19\wt_30April19.JPG,0,2200.25,234.75,1,0,3,72,6,242,55,84.6528,83.5972,130.014,10.4018,3.94703,7.52877," ""2019-05-15 [12:42:27 PM]: no comment"""
C:\Users\ealtman\Dropbox\Photos\G129singles\30April19\wt_30April19.JPG,0,2193.18,229.76,1,0,3,89,6,240,58,83.3596,83.3933,131.629,10.073,4.04505,8.89023," ""2019-05-15 [12:42:27 PM]: no comment"""
C:\Users\ealtman\Dropbox\Photos\G129singles\30April19\wt_30April19.JPG,0,1663.08,198.292,1,0,4,248,12,292,50,217.649,203.185,219.915,5.25046,5.07167,6.18653," ""2019-05-15 [12:42:27 PM]: no comment"""
C:\Users\ealtman\Dropbox\Photos\G129singles\30April19\wt_30April19.JPG,0,259,178,0,0,6,54,5,240,45,69.9444,70.2778,100.278,2.7682,1.95096,2.45827," ""2019-05-15 [12:42:27 PM]: no comment"""
C:\Users\ealtman\Dropbox\Photos\G129singles\30April19\wt_30April19.JPG,0,212.5,108,0,0,2,84,7,236,48,67.4405,68.5238,98.4762,3.58821,2.80921,3.54238," ""2019-05-15 [12:42:27 PM]: no comment"""
C:\Users\ealtman\Dropbox\Photos\G129singles\30April19\wt_30April19.JPG,0,1531.5,40,0,0,2,54,5,232,79,86.2037,97.4444,162.574,3.29637,3.38566,3.12221," ""2019-05-15 [12:42:27 PM]: no comment"""
C:\Users\ealtman\Dropbox\Photos\G129singles\30April19\wt_30April19.JPG,0,1513.02,18.1941,0,0,5,147,7,232,75,81.3741,90.3946,148.721,2.76593,2.05983,3.39268," ""2019-05-15 [12:42:27 PM]: no comment"""
C:\Users\ealtman\Dropbox\Photos\G129singles\30April19\wt_30April19.JPG,0,1522,12,0,0,5,127,6,232,78,81.4646,91.4488,153.189,2.44612,2.15499,2.57106," ""2019-05-15 [12:42:27 PM]: no comment"""
C:\Users\ealtman\Dropbox\Photos\G129singles\30April19\wt_30April19.JPG,0,1503.5,11.5,0,0,5,94,6,234,71,81.2766,87.2766,144.096,3.08543,2.60056,2.50933," ""2019-05-15 [12:42:27 PM]: no comment"""
C:\Users\ealtman\Dropbox\Photos\G129singles\30April19\wt_30April19.JPG,0,2418.11,41.0122,0,0,4,227,10,330,33,79.2511,61.1938,70.4758,13.1363,8.40445,12.1238," ""2019-05-15 [12:42:27 PM]: no comment"""
C:\Users\ealtman\Dropbox\Photos\G129singles\30April19\wt_30April19.JPG,0,2405,17,0,0,4,1070,21,268,33,77.085,67.9,88.3897,11.0562,10.2732,16.6468," ""2019-05-15 [12:42:27 PM]: no comment"""
C:\Users\ealtman\Dropbox\Photos\G129singles\30April19\wt_30April19.JPG,0,1535.5,18,0,0,3,55,5,232,76,85.5818,95.4909,158.8,2.84579,2.52402,3.28354," ""2019-05-15 [12:42:27 PM]: no comment"""
C:\Users\ealtman\Dropbox\Photos\G129singles\30April19\wt_30April19.JPG,0,1546.5,5,0,0,3,52,5,232,75,87.75,99.0962,161.904,2.74174,2.74598,2.82145," ""2019-05-15 [12:42:27 PM]: no comment"""
C:\Users\ealtman\Dropbox\Photos\G129singles\30April19\wt_30April19.JPG,0,1007.5,1980,0,0,1,57,5,288,26,82.8772,70.0877,86.3684,3.38467,2.857,4.43681," ""2019-05-15 [12:42:27 PM]: no comment"""
C:\Users\ealtman\Dropbox\Photos\G129singles\30April19\wt_30April19.JPG,0,2516.5,1928,0,0,1,54,5,356,65,41.5185,24.6667,25.6852,3.34711,2.26198,2.34473," ""2019-05-15 [12:42:27 PM]: no comment"""
C:\Users\ealtman\Dropbox\Photos\G129singles\30April19\wt_30April19.JPG,1,1586.9,1755.2,1,0,1,2545,30,330,26,160.037,137.577,148.808,4.11,3.39262,2.86405," ""2019-05-15 [12:42:27 PM]: no comment"""
C:\Users\ealtman\Dropbox\Photos\G129singles\30April19\wt_30April19.JPG,1,1401.85,1717.27,1,0,1,4043,37,332,27,164.463,141.552,151.528,5.09089,3.94797,3.09139," ""2019-05-15 [12:42:27 PM]: no comment"""
C:\Users\ealtman\Dropbox\Photos\G129singles\30April19\wt_30April19.JPG,1,1338.94,1676.46,1,0,1,2848,32,334,29,165.81,143.098,152.589,4.74589,3.78588,3.07205," ""2019-05-15 [12:42:27 PM]: no comment"""
C:\Users\ealtman\Dropbox\Photos\G129singles\30April19\wt_30April19.JPG,1,1591.5,1617.5,1,0,1,4296,42,338,29,169.611,148.073,156.226,4.07997,3.20546,2.65864," ""2019-05-15 [12:42:27 PM]: no comment"""
C:\Users\ealtman\Dropbox\Photos\G129singles\30April19\wt_30April19.JPG,1,1272.67,1605.57,1,0,1,3248,33,332,28,166.218,143.583,154.131,4.9752,4.05762,2.96747," ""2019-05-15 [12:42:27 PM]: no comment"""
C:\Users\ealtman\Dropbox\Photos\G129singles\30April19\wt_30April19.JPG,1,1117.58,1514.06,1,0,1,2249,27,332,29,163.725,141.47,152.089,5.44562,4.43912,3.2454," ""2019-05-15 [12:42:27 PM]: no comment"""
C:\Users\ealtman\Dropbox\Photos\G129singles\30April19\wt_30April19.JPG,1,1726,1495.5,1,0,1,2320,28,340,29,174.428,153.095,159.971,3.30835,2.7816,2.49324," ""2019-05-15 [12:42:27 PM]: no comment"""
C:\Users\ealtman\Dropbox\Photos\G129singles\30April19\wt_30April19.JPG,1,1286.5,1458.5,1,0,1,1624,23,338,32,177.072,154.834,162.803,4.78181,3.93384,3.00261," ""2019-05-15 [12:42:27 PM]: no comment"""
C:\Users\ealtman\Dropbox\Photos\G129singles\30April19\wt_30April19.JPG,1,1114.6,1417.2,1,0,1,3203,33,332,29,167.517,145.614,156.346,5.06664,3.87492,3.07887," ""2019-05-15 [12:42:27 PM]: no comment"""
C:\Users\ealtman\Dropbox\Photos\G129singles\30April19\wt_30April19.JPG,1,997.131,1397.65,1,0,1,2553,30,332,28,161.503,139.374,149.771,5.05699,4.28211,3.30694," ""2019-05-15 [12:42:27 PM]: no comment"""
C:\Users\ealtman\Dropbox\Photos\G129singles\30April19\wt_30April19.JPG,1,1055.75,1357.25,1,0,1,2587,29,332,27,166.221,145.219,155.308,6.0727,4.98568,3.74798," ""2019-05-15 [12:42:27 PM]: no comment"""
C:\Users\ealtman\Dropbox\Photos\G129singles\30April19\wt_30April19.JPG,1,1457.05,1345.01,1,0,1,3419,33,344,36,187.113,165.498,170.73,4.86396,3.94439,3.43607," ""2019-05-15 [12:42:27 PM]: no comment"""
C:\Users\ealtman\Dropbox\Photos\G129singles\30April19\wt_30April19.JPG,1,1413.25,1211.75,1,0,1,2718,31,356,50,206.319,181.648,184.023,6.38013,4.70667,3.73488," ""2019-05-15 [12:42:27 PM]: no comment"""
C:\Users\ealtman\Dropbox\Photos\G129singles\30April19\wt_30April19.JPG,1,917.706,1128.32,1,0,1,4405,43,326,22,160.769,143.382,152.588,5.74612,4.35666,3.60667," ""2019-05-15 [12:42:27 PM]: no comment"""
C:\Users\ealtman\Dropbox\Photos\G129singles\30April19\wt_30April19.JPG,1,1736,1073,1,0,1,3521,36,352,39,193.743,171.96,174.879,4.40257,3.70622,3.34061," ""2019-05-15 [12:42:27 PM]: no comment"""
C:\Users\ealtman\Dropbox\Photos\G129singles\30April19\wt_30April19.JPG,1,967.856,1046.48,1,0,1,3235,32,336,24,169.653,151.582,158.927,5.80471,4.27801,3.59222," ""2019-05-15 [12:42:27 PM]: no comment"""
C:\Users\ealtman\Dropbox\Photos\G129singles\30April19\wt_30April19.JPG,1,833.427,1025.9,1,0,1,1235,21,338,26,164.253,143.265,150.588,4.26274,3.56895,2.94066," ""2019-05-15 [12:42:27 PM]: no comment"""
C:\Users\ealtman\Dropbox\Photos\G129singles\30April19\wt_30April19.JPG,1,1306.15,982.55,1,0,1,2658,30,358,70,218.728,192.307,193.081,5.36891,4.0386,3.1797," ""2019-05-15 [12:42:27 PM]: no comment"""
C:\Users\ealtman\Dropbox\Photos\G129singles\30April19\wt_30April19.JPG,1,897.868,928.962,1,0,1,2855,31,324,19,160.063,144.511,153.795,4.6453,3.34244,2.57304," ""2019-05-15 [12:42:27 PM]: no comment"""
C:\Users\ealtman\Dropbox\Photos\G129singles\30April19\wt_30April19.JPG,1,1440.07,931.942,1,0,1,3849,37,2,80,222.973,194.547,193.716,5.25457,4.3308,3.8096," ""2019-05-15 [12:42:27 PM]: no comment"""
C:\Users\ealtman\Dropbox\Photos\G129singles\30April19\wt_30April19.JPG,1,1275.5,923.5,1,0,1,2534,29,352,48,207.348,184.76,187.589,5.19826,3.76675,3.17356," ""2019-05-15 [12:42:27 PM]: no comment"""
C:\Users\ealtman\Dropbox\Photos\G129singles\30April19\wt_30April19.JPG,1,1211.48,864.86,1,0,1,2857,31,352,39,197.296,175.856,179.42,4.69686,3.92331,3.43299," ""2019-05-15 [12:42:27 PM]: no comment"""
C:\Users\ealtman\Dropbox\Photos\G129singles\30April19\wt_30April19.JPG,1,891.958,850.976,1,0,1,3127,34,324,19,160.19,144.516,153.555,4.55426,3.27463,2.91323," ""2019-05-15 [12:42:27 PM]: no comment"""
C:\Users\ealtman\Dropbox\Photos\G129singles\30April19\wt_30April19.JPG,1,1371,831,1,0,1,3929,37,352,42,201.996,180.878,184.436,5.15652,4.4641,3.89232," ""2019-05-15 [12:42:27 PM]: no comment"""
C:\Users\ealtman\Dropbox\Photos\G129singles\30April19\wt_30April19.JPG,1,977,807,1,0,1,2487,30,328,20,169.197,153.792,161.867,5.27362,3.58589,2.66472," ""2019-05-15 [12:42:27 PM]: no comment"""
C:\Users\ealtman\Dropbox\Photos\G129singles\30April19\wt_30April19.JPG,1,1316,734.5,1,0,1,89,6,344,34,196.315,178.045,183.112,2.9751,2.1209,2.14596," ""2019-05-15 [12:42:27 PM]: no comment"""
C:\Users\ealtman\Dropbox\Photos\G129singles\30April19\wt_30April19.JPG,1,1178.91,705.785,1,0,1,2226,27,336,27,184.015,166.793,173.611,4.35464,3.45641,3.19295," ""2019-05-15 [12:42:27 PM]: no comment"""
C:\Users\ealtman\Dropbox\Photos\G129singles\30April19\wt_30April19.JPG,1,906.912,708.572,1,0,1,3231,35,324,21,160.832,144.438,154.076,6.01547,4.2997,2.92142," ""2019-05-15 [12:42:27 PM]: no comment"""
C:\Users\ealtman\Dropbox\Photos\G129singles\30April19\wt_30April19.JPG,1,1942.5,647.5,1,0,1,200,9,336,28,184.75,168.06,174.98,3.02423,2.602,2.44208," ""2019-05-15 [12:42:27 PM]: no comment"""
C:\Users\ealtman\Dropbox\Photos\G129singles\30April19\wt_30April19.JPG,1,1248.53,589.151,1,0,1,2097,26,336,27,183.71,167.409,174.332,3.87788,3.27056,3.18101," ""2019-05-15 [12:42:27 PM]: no comment"""
C:\Users\ealtman\Dropbox\Photos\G129singles\30April19\wt_30April19.JPG,1,995.079,496.213,1,0,1,1321,22,336,27,168.519,149.26,156.538,4.67982,3.4172,2.94168," ""2019-05-15 [12:42:27 PM]: no comment"""
C:\Users\ealtman\Dropbox\Photos\G129singles\30April19\wt_30April19.JPG,1,1805,463,1,0,1,134,7,316,33,204.53,189.627,201,3.69795,2.78163,4.02477," ""2019-05-15 [12:42:27 PM]: no comment"""
C:\Users\ealtman\Dropbox\Photos\G129singles\30April19\wt_30April19.JPG,0,422,409.5,0,0,1,89,6,248,42,58.7416,56.0562,77.7753,3.21602,2.66497,4.13642," ""2019-05-15 [12:42:27 PM]: no comment"""
C:\Users\ealtman\Dropbox\Photos\G129singles\30April19\wt_30April19.JPG,1,1168.65,353.45,1,0,1,1349,22,332,23,169.172,151.746,160.1,4.52289,3.70481,3.88133," ""2019-05-15 [12:42:27 PM]: no comment"""
C:\Users\ealtman\Dropbox\Photos\G129singles\30April19\wt_30April19.JPG,0,1917,103,1,0,1,53,5,224,222,141.189,168.925,247.075,4.91926,4.86493,4.62824," ""2019-05-15 [12:42:27 PM]: no comment"""
C:\Users\ealtman\Dropbox\Photos\G129singles\30April19\wt_30April19.JPG,0,1737.35,74.95,1,0,1,89,7,222,220,130.854,164.393,245.798,8.17291,4.98485,3.9611," ""2019-05-15 [12:42:27 PM]: no comment"""
