,TTT,TTC,TTA,TTG,TCT,TCC,TCA,TCG,TAT,TAC,TAA,TAG,TGT,TGC,TGA,TGG,CTT,CTC,CTA,CTG,CCT,CCC,CCA,CCG,CAT,CAC,CAA,CAG,CGT,CGC,CGA,CGG,ATT,ATC,ATA,ATG,ACT,ACC,ACA,ACG,AAT,AAC,AAA,AAG,AGT,AGC,AGA,AGG,GTT,GTC,GTA,GTG,GCT,GCC,GCA,GCG,GAT,GAC,GAA,GAG,GGT,GGC,GGA,GGG,sample
G11_pre_rep1,NA,NA,NA,NA,1,6,268,NA,NA,NA,NA,NA,2,NA,1,NA,NA,NA,NA,NA,NA,NA,2,NA,NA,NA,NA,NA,NA,NA,NA,NA,NA,NA,NA,NA,NA,NA,NA,NA,NA,NA,NA,NA,NA,NA,NA,NA,NA,NA,NA,NA,1,NA,1,2,NA,NA,NA,NA,NA,NA,NA,NA,G11_pre_rep1
G11_pre_rep2,NA,NA,NA,NA,1,2,182,NA,NA,NA,NA,NA,NA,NA,1,1,NA,NA,NA,NA,1,NA,NA,NA,NA,NA,NA,NA,NA,NA,NA,NA,NA,NA,NA,NA,NA,NA,1,NA,NA,NA,NA,NA,NA,NA,NA,NA,NA,NA,NA,NA,1,NA,1,NA,NA,NA,NA,NA,NA,NA,NA,NA,G11_pre_rep2
G11_pre_rep3,NA,NA,1,1,NA,NA,150,2,NA,NA,2,NA,NA,NA,1,1,NA,NA,NA,NA,NA,NA,2,NA,NA,NA,NA,NA,NA,NA,NA,NA,NA,NA,NA,NA,NA,NA,NA,NA,NA,NA,NA,NA,NA,NA,NA,NA,NA,NA,NA,NA,NA,NA,NA,NA,NA,NA,NA,NA,NA,NA,NA,NA,G11_pre_rep3
G11_t0_rep1,662,719,1189,2895,527,507,2119,1199,331,685,2323,1488,1003,895,1261,3492,164,210,634,465,299,391,1697,436,354,528,2877,462,336,361,501,917,126,240,432,788,469,547,2838,636,228,633,7687,525,307,352,456,1324,588,423,837,1780,377,373,917,637,459,476,935,1224,853,289,1217,2243,G11_t0_rep1
G11_t0_rep2,681,676,1294,2855,579,497,2342,1323,338,755,2343,1561,993,978,1327,3365,187,219,627,495,314,363,1801,430,423,561,3015,491,396,367,560,924,118,273,480,835,467,588,2930,699,236,668,7916,590,296,380,440,1417,593,446,939,1816,394,331,940,674,453,479,1018,1257,857,308,1336,2211,G11_t0_rep2
G11_t0_rep3,447,441,800,1744,353,298,1329,749,242,429,1545,979,614,570,834,1985,88,141,347,362,200,198,1064,235,232,304,1771,279,191,237,325,467,59,169,286,466,275,352,1760,406,158,398,5261,339,167,203,264,865,354,245,562,1044,213,201,554,360,289,284,605,721,552,167,785,1297,G11_t0_rep3
G11_t10_rep1,NA,1,1,NA,NA,NA,65,NA,NA,NA,1,NA,NA,NA,NA,NA,NA,NA,NA,NA,1,NA,2,NA,NA,NA,NA,NA,NA,NA,NA,NA,NA,NA,NA,NA,NA,NA,2,NA,NA,NA,NA,NA,NA,NA,NA,NA,NA,NA,1,NA,NA,NA,NA,NA,NA,NA,NA,NA,NA,NA,NA,NA,G11_t10_rep1
G11_t10_rep2,NA,NA,1,NA,NA,NA,35,NA,NA,NA,1,NA,NA,NA,1,NA,NA,NA,NA,NA,NA,NA,1,NA,NA,NA,1,NA,NA,NA,1,NA,NA,NA,NA,NA,NA,NA,NA,NA,NA,NA,NA,NA,NA,NA,NA,NA,NA,NA,NA,NA,NA,NA,1,NA,NA,NA,NA,NA,NA,NA,NA,NA,G11_t10_rep2
G11_t10_rep3,NA,NA,1,NA,NA,2,54,2,NA,NA,NA,NA,1,1,1,NA,NA,NA,NA,NA,NA,NA,2,NA,NA,NA,NA,NA,NA,NA,NA,NA,NA,NA,NA,NA,NA,NA,1,NA,NA,NA,NA,NA,NA,1,NA,NA,NA,NA,NA,NA,NA,NA,NA,1,NA,NA,NA,NA,NA,NA,NA,NA,G11_t10_rep3
G11_t30_rep1,NA,NA,NA,NA,NA,NA,3,NA,NA,NA,NA,NA,NA,NA,NA,NA,NA,NA,NA,NA,NA,NA,NA,NA,NA,NA,NA,NA,NA,NA,NA,NA,NA,NA,NA,NA,NA,NA,NA,NA,NA,NA,NA,NA,NA,NA,NA,NA,NA,NA,NA,NA,NA,NA,NA,NA,NA,NA,NA,NA,NA,NA,NA,NA,G11_t30_rep1
G11_t30_rep2,NA,NA,NA,NA,NA,NA,6,NA,NA,NA,NA,NA,NA,NA,NA,NA,NA,NA,NA,NA,NA,NA,NA,NA,NA,NA,NA,NA,NA,NA,NA,NA,NA,NA,NA,NA,NA,NA,NA,NA,NA,NA,NA,NA,NA,NA,NA,NA,NA,NA,NA,NA,NA,NA,NA,NA,NA,NA,NA,NA,NA,NA,NA,NA,G11_t30_rep2
G11_t30_rep3,NA,NA,NA,NA,2,1,6,1,NA,NA,NA,NA,NA,NA,NA,NA,NA,NA,NA,NA,NA,1,1,1,NA,NA,NA,NA,NA,NA,NA,NA,NA,NA,NA,NA,NA,NA,NA,NA,NA,NA,NA,NA,3,NA,NA,NA,NA,NA,NA,NA,NA,NA,NA,NA,NA,NA,NA,NA,NA,NA,NA,NA,G11_t30_rep3
G11_t50_rep1,NA,NA,NA,NA,NA,NA,NA,NA,NA,NA,NA,NA,NA,NA,NA,NA,NA,NA,NA,NA,NA,NA,NA,NA,NA,NA,NA,NA,NA,NA,NA,NA,NA,NA,NA,NA,NA,NA,NA,NA,NA,NA,NA,NA,NA,NA,NA,NA,NA,NA,NA,NA,NA,NA,NA,NA,NA,NA,NA,NA,NA,NA,NA,NA,G11_t50_rep1
G11_t50_rep2,NA,NA,NA,NA,48,29,161,99,NA,NA,NA,NA,57,15,NA,NA,NA,NA,2,NA,31,12,92,25,NA,NA,NA,NA,1,NA,NA,NA,NA,NA,NA,NA,NA,NA,NA,NA,NA,NA,NA,NA,25,37,NA,NA,NA,NA,NA,NA,21,25,45,74,NA,NA,NA,NA,NA,NA,NA,2,G11_t50_rep2
G11_t50_rep3,4,2,NA,1,990,804,2361,2267,1,NA,NA,4,762,507,11,2,NA,NA,1,NA,486,429,2038,695,1,NA,5,NA,2,3,NA,NA,NA,NA,NA,NA,3,4,5,2,NA,3,NA,NA,593,569,9,NA,NA,1,NA,1,799,663,1408,1156,1,1,NA,NA,11,4,10,14,G11_t50_rep3
G11_t70_rep1,NA,NA,NA,NA,NA,NA,36,NA,NA,NA,NA,NA,NA,NA,NA,NA,NA,NA,NA,NA,NA,NA,1,NA,NA,NA,NA,NA,NA,NA,NA,NA,NA,NA,NA,NA,NA,NA,NA,NA,NA,NA,NA,NA,NA,NA,NA,NA,NA,NA,NA,NA,NA,NA,NA,NA,NA,NA,NA,NA,NA,NA,NA,NA,G11_t70_rep1
G11_t70_rep2,NA,NA,6,NA,1089,1155,3824,2498,NA,2,NA,NA,1076,356,9,2,1,NA,1,NA,585,410,2834,755,NA,1,2,NA,3,1,1,NA,1,NA,NA,NA,4,7,7,2,NA,NA,1,NA,654,1050,11,2,NA,NA,NA,3,681,871,1277,2264,1,NA,NA,NA,2,1,NA,2,G11_t70_rep2
G11_t70_rep3,NA,3,2,2,786,643,2138,1942,NA,1,1,1,552,363,11,1,NA,1,2,2,389,340,1810,593,1,NA,1,2,NA,2,NA,NA,NA,NA,NA,NA,4,2,5,3,NA,NA,NA,NA,441,535,10,NA,1,1,1,NA,693,645,1232,1056,1,NA,2,NA,6,1,1,NA,G11_t70_rep3
G11_t90_rep1,NA,NA,1,NA,3,1,459,3,NA,NA,4,1,NA,1,3,3,NA,NA,NA,NA,1,2,2,NA,NA,NA,1,NA,NA,NA,NA,NA,NA,NA,NA,NA,NA,NA,6,1,NA,NA,4,1,1,NA,NA,3,NA,1,1,NA,NA,NA,4,NA,NA,NA,NA,1,NA,NA,2,NA,G11_t90_rep1
G11_t90_rep2,1,3,4,6,1530,1542,5642,3441,2,1,4,3,1110,347,17,1,NA,NA,3,NA,923,579,4085,1093,NA,2,1,NA,2,2,1,NA,4,1,1,1,4,3,5,4,1,2,2,1,926,1489,17,3,2,NA,1,6,1025,1123,1859,3262,1,NA,NA,NA,4,2,1,1,G11_t90_rep2
G11_t90_rep3,3,18,5,2,2054,1593,5448,4967,1,2,12,2,1293,800,20,5,NA,NA,5,4,922,873,4486,1532,NA,2,4,1,3,2,NA,1,NA,NA,1,2,6,7,16,10,NA,1,1,1,1167,1347,20,3,2,2,2,5,1767,1543,3099,2706,NA,1,1,NA,7,1,1,4,G11_t90_rep3
G125_t0_rep1,550,553,568,1019,363,1026,620,590,436,821,553,792,890,1113,981,1363,593,1162,832,732,808,2194,1607,716,922,1937,1399,1025,778,1526,990,581,389,583,428,823,371,1266,783,431,358,678,445,618,719,829,689,1009,438,476,420,894,555,1112,783,709,493,757,651,937,847,1032,941,1286,G125_t0_rep1
G125_t0_rep2,229,247,266,455,190,472,345,274,204,379,295,381,462,521,509,668,273,598,428,345,388,1194,816,403,493,981,695,530,381,816,458,258,193,267,239,362,175,631,366,203,194,313,240,342,330,402,368,500,203,226,191,430,254,574,425,370,267,359,284,446,416,555,437,603,G125_t0_rep2
G125_t0_rep3,364,392,365,651,272,729,415,396,254,534,368,527,656,727,654,950,400,745,640,513,581,1636,1112,500,710,1344,913,685,566,1066,636,358,274,403,308,552,225,902,525,299,209,527,306,458,474,595,492,709,286,339,276,548,365,773,533,509,354,449,409,685,595,688,617,889,G125_t0_rep3
G128_pre_rep1,NA,NA,NA,NA,NA,NA,NA,NA,1,NA,NA,NA,NA,NA,NA,NA,1,NA,NA,NA,NA,1,NA,NA,NA,NA,NA,NA,NA,NA,NA,NA,3,NA,NA,NA,154,3,1,2,5,NA,NA,NA,NA,NA,NA,NA,NA,NA,1,NA,1,NA,NA,NA,NA,NA,NA,NA,NA,1,NA,NA,G128_pre_rep1
G128_pre_rep2,NA,NA,NA,NA,NA,NA,NA,NA,NA,NA,NA,NA,NA,NA,NA,NA,NA,NA,NA,NA,NA,NA,NA,NA,NA,NA,NA,NA,NA,NA,NA,NA,1,NA,NA,NA,99,NA,1,NA,5,NA,2,NA,1,NA,NA,NA,NA,NA,NA,NA,NA,NA,NA,NA,NA,NA,NA,NA,NA,NA,NA,NA,G128_pre_rep2
G128_pre_rep3,NA,NA,NA,NA,2,NA,NA,NA,NA,NA,NA,NA,4,NA,NA,1,NA,NA,NA,NA,NA,NA,NA,NA,NA,NA,NA,NA,NA,NA,NA,NA,3,NA,NA,NA,109,2,4,4,2,NA,NA,1,1,NA,NA,NA,NA,NA,NA,NA,1,NA,NA,NA,NA,NA,NA,NA,NA,1,NA,NA,G128_pre_rep3
G128_t0_rep1,6827,866,2069,934,769,181,635,214,1746,472,1818,432,781,162,507,194,719,199,612,187,248,135,474,90,630,323,1519,236,212,98,328,75,2054,528,1776,485,878,329,1231,250,1865,1020,5228,615,489,218,678,144,975,157,499,218,193,84,284,72,517,191,847,155,220,83,186,55,G128_t0_rep1
G128_t0_rep2,7367,962,2147,1037,756,192,662,203,1854,509,1979,475,902,178,528,202,735,200,707,217,254,144,499,97,690,335,1707,244,216,109,316,74,2171,552,1886,522,846,340,1240,250,2080,1141,5654,682,474,221,752,145,975,183,515,193,200,92,312,75,481,183,965,169,195,77,196,61,G128_t0_rep2
G128_t0_rep3,10266,1300,3066,1426,1153,295,965,316,2624,739,2730,639,1303,301,716,302,1074,310,976,281,346,204,698,164,941,478,2329,395,306,172,477,121,3100,777,2487,729,1155,484,1744,334,2919,1537,7949,967,702,325,1123,221,1442,227,776,259,302,138,423,120,753,280,1312,222,302,85,248,91,G128_t0_rep3
G128_t10_rep1,3,NA,NA,NA,NA,1,2,NA,1,NA,1,NA,NA,NA,NA,NA,NA,NA,NA,NA,NA,NA,NA,NA,1,NA,1,NA,NA,NA,NA,NA,2,NA,NA,NA,36,NA,1,3,2,NA,NA,NA,NA,NA,1,NA,NA,NA,2,NA,NA,NA,1,NA,NA,NA,NA,NA,NA,NA,NA,NA,G128_t10_rep1
G128_t10_rep2,NA,NA,NA,NA,NA,NA,1,NA,NA,NA,NA,NA,2,1,NA,NA,NA,1,NA,NA,NA,NA,NA,NA,NA,NA,NA,NA,NA,NA,NA,NA,2,1,NA,1,31,NA,7,1,3,NA,NA,NA,NA,1,1,NA,6,NA,1,NA,1,NA,NA,NA,NA,NA,NA,NA,NA,NA,NA,NA,G128_t10_rep2
G128_t10_rep3,1,NA,NA,NA,1,NA,NA,NA,NA,NA,NA,NA,NA,NA,NA,NA,NA,NA,NA,NA,NA,NA,NA,NA,1,NA,NA,1,NA,NA,NA,NA,1,NA,1,1,25,NA,1,1,2,NA,NA,NA,2,NA,NA,NA,1,1,NA,NA,NA,NA,1,NA,NA,NA,NA,NA,NA,NA,NA,NA,G128_t10_rep3
G128_t30_rep1,NA,NA,NA,NA,5,5,8,3,NA,NA,NA,NA,20,4,NA,NA,NA,NA,NA,NA,NA,NA,NA,NA,NA,NA,NA,NA,NA,NA,NA,NA,NA,NA,1,NA,26,14,44,5,NA,NA,NA,NA,3,4,NA,NA,12,1,9,1,NA,1,2,1,NA,NA,NA,NA,NA,NA,NA,NA,G128_t30_rep1
G128_t30_rep2,NA,NA,NA,NA,9,2,5,4,1,NA,2,NA,17,4,NA,NA,NA,NA,NA,NA,NA,NA,1,NA,NA,NA,NA,NA,NA,NA,NA,NA,NA,NA,NA,NA,26,13,27,5,3,1,NA,NA,5,NA,NA,NA,20,NA,8,NA,1,NA,1,1,NA,NA,NA,NA,NA,NA,NA,NA,G128_t30_rep2
G128_t30_rep3,1,NA,NA,NA,3,1,1,2,NA,NA,NA,NA,9,1,NA,NA,NA,NA,NA,NA,NA,NA,NA,NA,NA,NA,NA,NA,NA,NA,NA,NA,NA,NA,NA,NA,61,7,21,4,1,NA,1,NA,6,2,1,NA,10,NA,2,3,2,1,NA,NA,NA,NA,NA,NA,NA,NA,NA,NA,G128_t30_rep3
G128_t50_rep1,43,7,6,5,176,48,165,61,8,2,3,NA,1833,441,2,22,2,1,1,NA,10,8,7,2,1,1,2,2,3,3,NA,NA,18,7,18,4,2617,1650,4982,991,19,18,59,8,132,59,10,2,728,117,373,154,39,12,29,16,1,1,1,2,49,6,5,5,G128_t50_rep1
G128_t50_rep2,52,10,4,4,307,74,221,89,12,2,3,1,2204,455,3,16,1,2,1,NA,14,5,12,4,5,1,1,1,4,1,1,NA,36,9,18,9,3156,1637,5728,1107,33,23,50,8,209,82,3,4,1083,184,544,225,48,21,65,15,6,NA,2,1,53,9,4,6,G128_t50_rep2
G128_t50_rep3,41,6,1,1,211,59,183,55,12,1,2,2,1803,393,2,14,1,NA,NA,NA,10,11,16,3,NA,1,NA,NA,5,3,NA,NA,23,12,19,6,2250,1406,4404,846,32,22,60,10,128,56,7,NA,809,137,403,131,33,14,39,7,6,1,1,NA,46,15,6,3,G128_t50_rep3
G128_t70_rep1,27,16,5,3,118,40,84,18,7,7,1,1,2517,572,9,20,4,NA,2,NA,17,7,19,6,2,NA,2,NA,12,NA,1,NA,24,8,34,3,3706,2183,6855,1339,25,20,53,10,114,35,17,1,685,108,361,131,26,8,29,11,1,2,2,NA,53,11,4,7,G128_t70_rep1
G128_t70_rep2,44,6,1,5,159,35,116,31,11,6,4,NA,2370,458,6,18,2,1,3,1,10,7,13,2,NA,NA,1,NA,11,2,NA,NA,16,14,24,9,3576,1916,6531,1233,28,24,63,14,118,51,10,2,807,147,485,173,30,14,29,9,2,NA,4,1,40,12,3,3,G128_t70_rep2
G128_t70_rep3,33,7,9,9,146,36,100,36,12,4,2,1,2399,518,6,17,NA,1,3,NA,6,5,12,2,NA,1,2,1,7,1,NA,NA,22,9,15,5,3323,2271,6469,1306,27,21,75,7,98,38,11,1,739,122,366,108,25,16,25,10,2,3,NA,NA,36,6,2,3,G128_t70_rep3
G128_t90_rep1,77,18,9,4,204,43,166,36,17,11,2,NA,5664,1293,12,40,2,NA,1,NA,30,12,20,4,1,1,6,NA,8,4,1,NA,46,12,50,9,8096,4819,15388,3237,54,36,98,17,154,70,16,4,1327,231,648,236,50,20,38,9,3,1,7,2,81,21,2,4,G128_t90_rep1
G128_t90_rep2,34,13,4,3,154,43,83,28,12,2,1,NA,3087,632,4,26,1,3,NA,3,6,6,9,8,NA,NA,NA,1,8,2,NA,NA,28,8,23,6,4381,2343,7999,1574,28,30,56,11,93,36,8,1,850,130,452,173,30,12,19,5,2,3,1,NA,42,9,4,2,G128_t90_rep2
G128_t90_rep3,37,8,5,8,96,35,85,19,11,1,NA,1,3404,653,8,13,NA,NA,3,1,10,8,13,6,NA,2,5,NA,9,1,1,2,24,6,17,7,4453,2961,8767,1714,27,30,55,8,68,36,14,4,808,145,384,145,23,12,34,7,4,NA,1,NA,54,11,6,1,G128_t90_rep3
G3_pre_rep1,NA,1,NA,NA,NA,NA,NA,NA,NA,NA,NA,1,NA,NA,NA,NA,NA,NA,NA,NA,NA,NA,NA,1,NA,1,9,131,NA,NA,NA,1,NA,NA,NA,NA,NA,NA,NA,NA,NA,NA,NA,NA,NA,NA,NA,NA,NA,NA,NA,NA,NA,NA,NA,NA,NA,NA,NA,NA,NA,NA,NA,NA,G3_pre_rep1
G3_pre_rep2,NA,NA,NA,NA,NA,NA,NA,NA,NA,NA,NA,NA,NA,NA,NA,NA,NA,NA,NA,NA,NA,NA,NA,NA,NA,NA,6,83,NA,NA,NA,NA,NA,NA,NA,NA,NA,NA,NA,NA,NA,NA,NA,1,NA,NA,NA,NA,NA,NA,NA,NA,NA,NA,NA,NA,NA,NA,NA,1,NA,NA,NA,NA,G3_pre_rep2
G3_pre_rep3,NA,NA,NA,NA,NA,NA,NA,NA,NA,NA,NA,NA,NA,NA,NA,NA,NA,NA,NA,NA,NA,NA,NA,NA,NA,NA,11,113,NA,NA,NA,1,NA,NA,NA,NA,NA,NA,NA,NA,NA,NA,NA,NA,NA,NA,NA,NA,NA,NA,NA,NA,NA,NA,NA,NA,NA,NA,NA,NA,NA,NA,NA,NA,G3_pre_rep3
G3_t0_rep1,NA,NA,NA,NA,NA,NA,NA,NA,NA,NA,NA,297,NA,NA,NA,NA,NA,NA,NA,153,NA,NA,NA,99,188,161,551,313,NA,NA,NA,144,NA,NA,NA,NA,NA,NA,NA,NA,NA,NA,NA,396,NA,NA,NA,NA,NA,NA,NA,NA,NA,NA,NA,NA,NA,NA,NA,157,NA,NA,NA,NA,G3_t0_rep1
G3_t0_rep2,NA,NA,NA,NA,NA,NA,NA,NA,NA,NA,NA,515,NA,NA,NA,NA,NA,NA,NA,275,NA,NA,NA,152,376,249,1081,478,NA,NA,NA,260,NA,NA,NA,NA,NA,NA,NA,NA,NA,NA,NA,662,NA,NA,NA,NA,NA,NA,NA,NA,NA,NA,NA,NA,NA,NA,NA,337,NA,NA,NA,NA,G3_t0_rep2
G3_t0_rep3,NA,NA,NA,NA,NA,NA,NA,NA,NA,NA,NA,644,NA,NA,NA,NA,NA,NA,NA,321,NA,NA,NA,184,477,327,1297,490,NA,NA,NA,291,NA,NA,NA,NA,NA,NA,NA,NA,NA,NA,NA,848,NA,NA,NA,NA,NA,NA,NA,NA,NA,NA,NA,NA,NA,NA,NA,356,NA,NA,NA,NA,G3_t0_rep3
G3_t10_rep1,NA,NA,NA,NA,NA,NA,NA,NA,NA,NA,NA,1,NA,NA,NA,NA,NA,NA,NA,NA,NA,NA,NA,1,NA,NA,3,26,NA,NA,NA,NA,NA,NA,NA,NA,NA,NA,NA,NA,NA,NA,NA,NA,NA,NA,NA,NA,NA,NA,NA,NA,NA,NA,NA,NA,NA,NA,NA,NA,NA,NA,NA,NA,G3_t10_rep1
G3_t10_rep2,NA,NA,NA,NA,NA,NA,NA,NA,NA,NA,NA,NA,NA,NA,NA,NA,NA,NA,NA,NA,NA,NA,NA,NA,1,1,1,23,NA,NA,NA,NA,NA,NA,NA,NA,NA,NA,NA,NA,NA,NA,NA,NA,NA,NA,NA,NA,NA,NA,NA,NA,NA,NA,NA,NA,NA,NA,NA,NA,NA,NA,NA,NA,G3_t10_rep2
G3_t10_rep3,NA,NA,NA,NA,NA,NA,NA,NA,NA,NA,NA,1,NA,NA,NA,NA,NA,NA,NA,NA,NA,NA,NA,NA,NA,NA,1,21,NA,NA,NA,NA,NA,NA,NA,NA,NA,NA,NA,NA,NA,NA,NA,1,NA,NA,NA,NA,NA,NA,NA,NA,NA,NA,NA,NA,NA,NA,NA,NA,NA,NA,NA,NA,G3_t10_rep3
G3_t30_rep1,NA,NA,NA,NA,NA,NA,NA,NA,NA,NA,NA,NA,NA,NA,NA,NA,NA,NA,NA,NA,NA,NA,NA,NA,NA,NA,4,7,NA,NA,NA,NA,NA,NA,NA,NA,NA,NA,NA,NA,NA,NA,NA,NA,NA,NA,NA,NA,NA,NA,NA,NA,NA,NA,NA,NA,NA,NA,NA,NA,NA,NA,NA,NA,G3_t30_rep1
G3_t30_rep2,NA,NA,NA,NA,NA,NA,NA,NA,NA,NA,NA,NA,NA,NA,NA,NA,NA,NA,NA,NA,NA,NA,NA,NA,NA,1,14,14,NA,NA,NA,NA,NA,NA,NA,NA,NA,NA,NA,NA,NA,NA,NA,NA,NA,NA,NA,NA,NA,NA,NA,NA,NA,NA,NA,NA,NA,NA,NA,NA,NA,NA,NA,NA,G3_t30_rep2
G3_t30_rep3,NA,NA,NA,NA,NA,NA,NA,NA,NA,NA,NA,NA,NA,NA,NA,NA,NA,NA,NA,NA,NA,NA,NA,NA,NA,NA,10,6,NA,NA,NA,NA,NA,NA,NA,NA,NA,NA,NA,NA,NA,NA,NA,NA,NA,NA,NA,NA,NA,NA,NA,NA,NA,NA,NA,NA,NA,NA,NA,NA,NA,NA,NA,NA,G3_t30_rep3
G3_t50_rep1,NA,NA,NA,NA,NA,NA,NA,NA,NA,NA,NA,NA,NA,NA,NA,NA,NA,NA,NA,NA,NA,NA,NA,NA,NA,2,460,156,NA,NA,NA,NA,NA,NA,NA,NA,NA,NA,NA,NA,NA,NA,NA,NA,NA,NA,NA,NA,NA,NA,NA,NA,NA,NA,NA,NA,NA,NA,NA,NA,NA,NA,NA,NA,G3_t50_rep1
G3_t50_rep2,NA,NA,NA,NA,NA,NA,NA,NA,NA,NA,NA,1,NA,NA,NA,NA,NA,NA,NA,3,NA,NA,NA,NA,2,12,6906,2378,NA,NA,NA,3,NA,NA,NA,NA,NA,NA,NA,NA,NA,NA,NA,1,NA,NA,NA,NA,NA,NA,NA,NA,NA,NA,NA,NA,NA,NA,NA,NA,NA,NA,NA,NA,G3_t50_rep2
G3_t50_rep3,NA,NA,NA,NA,NA,NA,NA,NA,NA,NA,NA,1,NA,NA,NA,NA,NA,NA,NA,NA,NA,NA,NA,NA,1,7,6347,2288,NA,NA,NA,2,NA,NA,NA,NA,NA,NA,NA,NA,NA,NA,NA,1,NA,NA,NA,NA,NA,NA,NA,NA,NA,NA,NA,NA,NA,NA,NA,NA,NA,NA,NA,NA,G3_t50_rep3
G3_t70_rep1,NA,3,NA,NA,NA,NA,NA,NA,NA,NA,NA,2,NA,NA,NA,NA,NA,NA,NA,9,NA,NA,NA,11,20,60,39835,14162,NA,NA,NA,18,NA,NA,NA,NA,NA,NA,NA,NA,NA,NA,NA,6,NA,NA,NA,NA,NA,NA,NA,NA,NA,NA,NA,NA,NA,NA,NA,1,NA,NA,NA,NA,G3_t70_rep1
G3_t70_rep2,NA,1,NA,NA,NA,NA,NA,NA,NA,NA,NA,5,NA,NA,NA,NA,NA,NA,NA,3,NA,NA,NA,7,23,83,41650,14387,NA,NA,NA,25,NA,NA,NA,NA,NA,NA,NA,NA,NA,NA,NA,12,NA,NA,NA,NA,NA,NA,NA,NA,NA,NA,NA,NA,NA,NA,NA,2,NA,NA,NA,NA,G3_t70_rep2
G3_t70_rep3,NA,2,NA,NA,NA,NA,NA,NA,NA,NA,NA,5,NA,NA,NA,NA,NA,NA,NA,5,NA,NA,NA,5,17,60,32904,11875,NA,NA,NA,18,NA,NA,NA,NA,NA,NA,NA,NA,NA,NA,NA,5,NA,NA,NA,NA,NA,NA,NA,NA,NA,NA,NA,NA,NA,NA,NA,1,NA,NA,NA,NA,G3_t70_rep3
G3_t90_rep1,NA,53,NA,NA,1,NA,NA,NA,NA,NA,NA,7,1,NA,NA,NA,3,1,NA,3,NA,NA,NA,6,13,57,29784,10915,NA,NA,NA,10,NA,NA,NA,NA,NA,NA,NA,NA,NA,NA,NA,10,NA,NA,NA,NA,1,NA,NA,NA,2,NA,NA,NA,NA,NA,NA,2,NA,NA,NA,NA,G3_t90_rep1
G3_t90_rep2,NA,31,NA,NA,1,NA,NA,NA,NA,NA,NA,5,NA,NA,NA,NA,2,NA,NA,8,NA,NA,NA,4,10,40,20171,7117,NA,NA,NA,8,NA,NA,NA,NA,NA,NA,NA,NA,NA,NA,NA,2,NA,NA,NA,NA,NA,NA,NA,NA,2,NA,NA,NA,NA,NA,NA,NA,NA,NA,NA,NA,G3_t90_rep2
G3_t90_rep3,NA,26,NA,NA,NA,NA,NA,NA,NA,NA,NA,5,NA,NA,NA,NA,2,NA,NA,6,NA,NA,NA,7,12,38,23426,8318,NA,NA,NA,7,NA,NA,NA,NA,NA,NA,NA,NA,NA,NA,NA,5,NA,NA,NA,NA,NA,NA,NA,NA,2,NA,NA,NA,NA,NA,NA,NA,NA,NA,NA,NA,G3_t90_rep3
G4_t0_rep1,518,NA,NA,NA,250,442,245,549,261,NA,NA,NA,1006,NA,NA,NA,408,NA,NA,NA,966,2643,1285,1180,331,NA,NA,NA,751,NA,NA,NA,310,166,137,565,303,759,271,425,117,171,47,244,532,310,214,843,1029,NA,NA,NA,668,639,393,1005,424,NA,NA,NA,1565,NA,NA,NA,G4_t0_rep1
G4_t0_rep2,108,NA,NA,NA,55,62,41,69,32,NA,NA,NA,137,NA,NA,NA,59,NA,NA,NA,158,376,224,133,55,NA,NA,NA,125,NA,NA,NA,47,25,22,103,62,130,46,58,23,27,7,31,93,43,50,146,213,NA,NA,NA,99,98,52,186,83,NA,NA,NA,253,NA,NA,NA,G4_t0_rep2
G4_t0_rep3,420,NA,NA,NA,225,365,195,431,197,NA,NA,NA,785,NA,NA,NA,325,NA,NA,NA,704,1934,916,835,291,NA,NA,NA,597,NA,NA,NA,244,109,110,419,242,607,219,337,100,134,32,201,438,234,189,645,866,NA,NA,NA,535,477,314,826,372,NA,NA,NA,1195,NA,NA,NA,G4_t0_rep3
G45_pre_rep1,1,NA,1,NA,NA,NA,NA,NA,2,NA,1,NA,1,NA,NA,NA,NA,NA,NA,NA,1,1,2,NA,2,NA,NA,NA,NA,NA,NA,NA,NA,NA,NA,1,1,1,1,NA,4,1,3,NA,NA,NA,NA,NA,5,NA,NA,NA,5,1,2,NA,232,1,3,NA,NA,NA,NA,NA,G45_pre_rep1
G45_pre_rep2,2,NA,NA,NA,5,1,3,NA,4,NA,NA,NA,NA,NA,NA,NA,NA,NA,NA,1,2,NA,2,NA,3,NA,3,1,NA,NA,NA,NA,1,NA,NA,NA,1,NA,3,NA,6,3,1,NA,3,NA,NA,NA,NA,NA,1,NA,6,NA,2,NA,168,NA,3,NA,1,NA,NA,NA,G45_pre_rep2
G45_pre_rep3,3,1,2,1,7,NA,1,NA,5,NA,NA,NA,2,NA,NA,NA,NA,NA,NA,NA,NA,NA,1,1,2,1,4,NA,NA,NA,NA,NA,1,1,NA,NA,1,NA,8,1,4,1,3,NA,NA,NA,NA,NA,4,NA,NA,NA,11,NA,NA,NA,235,1,NA,1,NA,NA,NA,NA,G45_pre_rep3
G45_t0_rep1,12825,1330,3336,1167,1058,446,990,272,2655,905,1971,539,959,297,638,235,899,360,868,241,453,350,894,234,713,609,1390,357,253,198,447,117,2501,687,1579,519,716,656,1370,447,1332,983,2445,592,434,336,719,203,1040,291,744,221,325,355,718,180,788,560,1123,316,220,172,329,93,G45_t0_rep1
G45_t0_rep2,13224,1357,3501,1195,1047,487,1087,346,2852,918,2030,608,966,371,703,210,931,402,869,273,444,440,1073,264,764,717,1491,388,280,226,489,127,2648,724,1672,581,764,705,1471,391,1519,1101,2756,656,480,362,735,194,1023,338,809,252,418,360,731,182,763,591,1235,286,264,182,379,100,G45_t0_rep2
G45_t0_rep3,10177,1043,2574,936,774,363,809,236,2162,732,1527,438,723,221,515,169,754,277,672,197,336,294,730,187,568,521,1071,261,186,176,341,94,2009,531,1254,418,584,502,1077,321,1144,819,2047,507,368,253,527,160,819,264,620,159,267,247,550,144,642,433,867,206,169,120,237,76,G45_t0_rep3
G45_t10_rep1,NA,NA,NA,NA,NA,NA,NA,NA,1,NA,NA,NA,NA,NA,NA,NA,NA,NA,NA,NA,NA,NA,NA,NA,NA,NA,NA,1,NA,NA,NA,NA,NA,NA,NA,NA,NA,NA,NA,NA,NA,NA,NA,NA,NA,NA,NA,NA,2,NA,NA,NA,1,NA,NA,NA,24,NA,1,NA,NA,NA,NA,NA,G45_t10_rep1
G45_t10_rep2,6,NA,1,1,2,NA,NA,NA,1,2,1,NA,1,1,NA,NA,NA,1,NA,NA,1,1,1,1,NA,1,NA,NA,1,NA,NA,NA,1,1,1,NA,NA,NA,NA,NA,NA,1,2,1,1,NA,NA,NA,NA,NA,NA,NA,NA,NA,1,NA,14,NA,1,NA,NA,NA,NA,NA,G45_t10_rep2
G45_t10_rep3,18,5,11,1,3,2,4,1,6,NA,NA,NA,3,2,NA,NA,NA,3,2,NA,NA,1,3,NA,2,1,1,NA,NA,NA,NA,NA,2,1,1,1,2,2,3,2,4,2,4,2,NA,1,2,1,NA,1,1,NA,1,2,1,1,23,1,1,NA,NA,NA,NA,1,G45_t10_rep3
G45_t30_rep1,NA,NA,NA,NA,NA,NA,NA,NA,NA,NA,NA,NA,NA,NA,NA,NA,NA,NA,NA,NA,NA,NA,NA,NA,NA,NA,NA,NA,NA,NA,NA,NA,NA,NA,NA,NA,NA,NA,NA,NA,NA,NA,1,NA,NA,NA,NA,NA,NA,NA,NA,NA,NA,NA,NA,NA,2,NA,NA,NA,NA,NA,NA,NA,G45_t30_rep1
G45_t30_rep2,95,10,49,20,26,13,19,4,26,3,NA,NA,23,6,NA,2,6,8,10,3,11,15,12,2,19,15,26,9,6,6,4,NA,5,NA,10,9,12,13,33,9,30,27,48,3,16,2,7,2,10,1,5,4,7,8,9,5,24,20,19,11,6,1,4,1,G45_t30_rep2
G45_t30_rep3,32,3,12,2,4,3,7,1,10,1,1,1,4,NA,NA,NA,1,1,2,2,6,1,5,1,6,4,7,3,1,1,3,NA,5,NA,NA,3,4,3,12,5,7,4,16,1,2,NA,NA,NA,3,2,NA,NA,4,1,3,1,8,5,5,NA,1,2,3,1,G45_t30_rep3
G45_t50_rep1,5,1,1,NA,2,2,2,2,5,NA,NA,NA,1,NA,NA,NA,NA,NA,2,NA,1,NA,3,1,2,3,4,4,NA,NA,1,NA,NA,NA,1,NA,5,1,3,NA,6,3,4,4,1,1,NA,NA,NA,NA,1,NA,1,1,3,2,27,NA,4,NA,NA,NA,1,1,G45_t50_rep1
G45_t50_rep2,555,56,770,245,669,259,522,169,465,126,18,2,311,112,4,4,156,55,128,57,217,191,523,104,362,314,746,162,57,34,87,20,29,7,17,125,362,320,680,232,929,592,1173,282,260,161,127,25,52,12,69,11,144,125,308,78,414,297,664,163,121,99,199,65,G45_t50_rep2
G45_t50_rep3,1482,135,1783,619,1567,611,1444,462,1144,274,31,6,759,192,2,24,391,136,369,125,540,468,1141,303,1045,754,1930,403,126,85,165,64,78,25,34,324,964,761,1612,509,2263,1416,2915,661,586,412,327,63,193,39,122,35,432,363,736,248,989,728,1565,430,346,227,411,118,G45_t50_rep3
G45_t70_rep1,NA,NA,5,1,2,1,1,NA,2,NA,NA,NA,NA,NA,NA,NA,NA,1,NA,NA,NA,NA,2,NA,4,NA,NA,1,NA,NA,NA,NA,NA,NA,NA,NA,2,NA,2,NA,3,3,2,1,1,NA,1,NA,NA,NA,2,NA,4,1,NA,NA,196,1,2,NA,1,NA,NA,NA,G45_t70_rep1
G45_t70_rep2,693,81,1495,534,1996,719,1671,546,932,259,29,7,791,232,3,10,324,120,305,112,725,613,1521,344,1248,973,2249,527,138,94,197,52,38,18,21,295,1054,842,1978,709,2791,1785,3132,764,759,438,328,72,142,42,92,18,446,400,881,282,1395,957,1958,406,424,295,541,174,G45_t70_rep2
G45_t70_rep3,619,70,1264,408,1567,589,1426,427,750,183,32,4,587,150,4,12,278,87,266,76,568,517,1237,341,1052,937,1778,447,81,70,156,57,33,10,15,243,828,744,1674,539,2307,1473,2617,600,566,427,293,56,80,34,62,26,393,349,643,212,972,815,1531,414,354,221,421,124,G45_t70_rep3
G45_t90_rep1,4,NA,3,NA,1,NA,1,NA,2,NA,NA,NA,NA,NA,NA,NA,1,NA,NA,1,NA,NA,NA,NA,2,1,1,NA,NA,NA,NA,NA,2,NA,NA,NA,1,NA,1,NA,4,1,NA,NA,2,1,NA,NA,6,NA,1,NA,6,NA,NA,NA,230,1,NA,1,1,NA,NA,NA,G45_t90_rep1
G45_t90_rep2,138,23,294,98,485,196,382,116,211,58,10,3,171,41,1,3,56,30,56,18,160,151,359,88,256,227,504,107,27,10,39,14,10,3,7,58,217,203,449,149,660,390,772,182,181,111,62,22,24,4,18,7,83,73,206,66,389,217,471,105,90,62,160,36,G45_t90_rep2
G45_t90_rep3,396,41,781,271,1062,414,954,307,475,122,14,6,355,90,4,7,174,60,148,50,381,360,817,233,687,569,1293,307,69,38,99,37,24,5,13,149,576,496,1105,354,1632,941,1852,392,353,306,188,47,62,12,45,8,259,232,437,143,1011,530,1182,306,232,146,290,100,G45_t90_rep3
NTC_2,NA,NA,NA,NA,NA,NA,NA,NA,NA,NA,NA,NA,NA,NA,NA,NA,NA,NA,NA,NA,NA,NA,NA,NA,NA,NA,NA,NA,NA,NA,NA,NA,NA,NA,NA,NA,NA,NA,NA,NA,NA,NA,NA,NA,NA,NA,NA,NA,NA,NA,NA,NA,NA,NA,NA,NA,NA,NA,NA,NA,NA,NA,NA,NA,NTC_2
NTC_3,NA,NA,NA,NA,NA,NA,NA,NA,NA,NA,NA,NA,NA,NA,NA,NA,NA,NA,NA,NA,NA,NA,NA,NA,NA,NA,NA,NA,NA,NA,NA,NA,NA,NA,NA,NA,NA,NA,NA,NA,NA,NA,NA,NA,NA,NA,NA,NA,NA,NA,NA,NA,NA,NA,NA,NA,NA,NA,NA,NA,NA,NA,NA,NA,NTC_3
NTC,NA,NA,NA,NA,NA,NA,NA,NA,NA,NA,NA,NA,NA,NA,NA,NA,NA,NA,NA,NA,NA,NA,NA,NA,NA,NA,NA,NA,NA,NA,NA,NA,NA,NA,NA,NA,NA,NA,NA,NA,NA,NA,NA,NA,NA,NA,NA,NA,NA,NA,NA,NA,NA,NA,NA,NA,NA,NA,NA,NA,NA,NA,NA,NA,NTC
