"","run.date","plate.pos","sample.names","codon","aa"
"1","2018-03-21","A01","G117-1","CAG","Q"
"2","2018-03-21","A03","G117-17","AAT","N"
"3","2018-03-21","A05","G117-33","ATT","I"
"4","2018-03-21","A07","G117-49","het",NA
"5","2018-03-21","A09","G117-65","CAG","Q"
"6","2018-03-21","A11","G117-81","CAG","Q"
"7","2018-03-21","A02","G117-9","TGC","C"
"8","2018-03-21","A04","G117-25","AAT","N"
"9","2018-03-21","A06","G117-41","AAC","N"
"10","2018-03-21","A08","G117-57","GAA","E"
"11","2018-03-21","A10","G117-73","ACC","T"
"12","2018-03-21","A12","G117-89","TGG","W"
"13","2018-03-21","B01","G117-2","CTT","L"
"14","2018-03-21","B03","G117-18","ATC","I"
"15","2018-03-21","B05","G117-34","ACC","T"
"16","2018-03-21","B07","G117-50","TGT","C"
"17","2018-03-21","B09","G117-66","het",NA
"18","2018-03-21","B11","G117-82","CAA","Q"
"19","2018-03-21","B02","G117-10","het",NA
"20","2018-03-21","B04","G117-26","GAT","D"
"21","2018-03-21","B06","G117-42","ATA","I"
"22","2018-03-21","B08","G117-58","ACA","T"
"23","2018-03-21","B10","G117-74","TGT","C"
"24","2018-03-21","B12","G117-90","TTG","L"
"25","2018-03-21","C01","G117-3","AAT","N"
"26","2018-03-21","C03","G117-19","TGT","C"
"27","2018-03-21","C05","G117-35","AAC","N"
"28","2018-03-21","C07","G117-51","AAC","N"
"29","2018-03-21","C09","G117-67","ATG","M"
"30","2018-03-21","C11","G117-83","ATA","I"
"31","2018-03-21","C02","G117-11",NA,NA
"32","2018-03-21","C04","G117-27","TGT","C"
"33","2018-03-21","C06","G117-43","ATT","I"
"34","2018-03-21","C08","G117-59","TCG","S"
"35","2018-03-21","C10","G117-75","GTA","V"
"36","2018-03-21","C12","G117-91","TGT","C"
"37","2018-03-21","D01","G117-4","ACG","T"
"38","2018-03-21","D03","G117-20","GTC","V"
"39","2018-03-21","D05","G117-36","ATG","M"
"40","2018-03-21","D07","G117-52","AGT","S"
"41","2018-03-21","D09","G117-68","AGC","S"
"42","2018-03-21","D11","G117-84","GTT","V"
"43","2018-03-21","D02","G117-12","ACG","T"
"44","2018-03-21","D04","G117-28","GTT","V"
"45","2018-03-21","D06","G117-44","GCC","A"
"46","2018-03-21","D08","G117-60","het",NA
"47","2018-03-21","D10","G117-76","GGT","G"
"48","2018-03-21","D12","G117-92","CAG","Q"
"49","2018-03-21","E01","G117-5","TCA","S"
"50","2018-03-21","E03","G117-21","ATG","M"
"51","2018-03-21","E05","G117-37","ATG","M"
"52","2018-03-21","E07","G117-53","CAA","Q"
"53","2018-03-21","E09","G117-69","TTT","F"
"54","2018-03-21","E11","G117-85","GTG","V"
"55","2018-03-21","E02","G117-13","TGG","W"
"56","2018-03-21","E04","G117-29","TCT","S"
"57","2018-03-21","E06","G117-45","CTT","L"
"58","2018-03-21","E08","G117-61","GCA","A"
"59","2018-03-21","E10","G117-77","AAT","N"
"60","2018-03-21","E12","G117-93","TCA","S"
"61","2018-03-21","F01","G117-6","GCG","A"
"62","2018-03-21","F03","G117-22","GTC","V"
"63","2018-03-21","F05","G117-38","TGT","C"
"64","2018-03-21","F07","G117-54","ATG","M"
"65","2018-03-21","F09","G117-70","ACC","T"
"66","2018-03-21","F11","G117-86","GCT","A"
"67","2018-03-21","F02","G117-14","TTA","L"
"68","2018-03-21","F04","G117-30","CAT","H"
"69","2018-03-21","F06","G117-46","GCT","A"
"70","2018-03-21","F08","G117-62","ACA","T"
"71","2018-03-21","F10","G117-78","GGA","G"
"72","2018-03-21","F12","G117-94","GAT","D"
"73","2018-03-21","G01","G117-7","het",NA
"74","2018-03-21","G03","G117-23","GGT","G"
"75","2018-03-21","G05","G117-39","ATG","M"
"76","2018-03-21","G07","G117-55","CTT","L"
"77","2018-03-21","G09","G117-71","ATG","M"
"78","2018-03-21","G11","G117-87","GGT","G"
"79","2018-03-21","G02","G117-15","TTC","F"
"80","2018-03-21","G04","G117-31",NA,NA
"81","2018-03-21","G06","G117-47","GCA","A"
"82","2018-03-21","G08","G117-63","het",NA
"83","2018-03-21","G10","G117-79","GTG","V"
"84","2018-03-21","G12","G117-95","CTG","L"
"85","2018-03-21","H01","G117-8","ACA","T"
"86","2018-03-21","H03","G117-24","het",NA
"87","2018-03-21","H05","G117-40","GTT","V"
"88","2018-03-21","H07","G117-56","TGT","C"
"89","2018-03-21","H09","G117-72","TTT","F"
"90","2018-03-21","H11","G117-88","TCT","S"
"91","2018-03-21","H02","G117-16","GGG","G"
"92","2018-03-21","H04","G117-32","TCA","S"
"93","2018-03-21","H06","G117-48","het",NA
"94","2018-03-21","H08","G117-64","TAT","Y"
"95","2018-03-21","H10","G117-80","GCA","A"
"96","2018-03-21","H12","G117-96","het",NA
"97","2018-05-15","A01","G117-193",NA,NA
"98","2018-05-15","A02","G117-201","TGT","C"
"99","2018-05-15","B01","G117-194",NA,NA
"100","2018-05-15","B02","G117-202","TCA","S"
"101","2018-05-15","C01","G117-195",NA,NA
"102","2018-05-15","C02","G117-203","GAA","E"
"103","2018-05-15","D01","G117-196",NA,NA
"104","2018-05-15","D02","G117-204","het",NA
"105","2018-05-15","E01","G117-197",NA,NA
"106","2018-05-15","E02","G117-205","GCC","A"
"107","2018-05-15","F01","G117-198",NA,NA
"108","2018-05-15","F02","G117-206","ATG","M"
"109","2018-05-15","G01","G117-199",NA,NA
"110","2018-05-15","G02","G117-207","TTA","L"
"111","2018-05-15","H01","G117-200",NA,NA
"112","2018-05-15","H02","G117-208","ACA","T"
"113","2018-05-16","A03","G117-209","GGT","G"
"114","2018-05-16","A05","G117-225","AGC","S"
"115","2018-05-16","A07","G117-241","GGC","G"
"116","2018-05-16","A09","G117-257","AAC","N"
"117","2018-05-16","A11","G117-273","TTC","F"
"118","2018-05-16","A04","G117-217","TCG","S"
"119","2018-05-16","A06","G117-233","ATG","M"
"120","2018-05-16","A08","G117-249","TGT","C"
"121","2018-05-16","A10","G117-265","CAA","Q"
"122","2018-05-16","A12","G117-281",NA,NA
"123","2018-05-16","B03","G117-210","GTG","V"
"124","2018-05-16","B05","G117-226","GTG","V"
"125","2018-05-16","B07","G117-242","het",NA
"126","2018-05-16","B09","G117-258","GTC","V"
"127","2018-05-16","B11","G117-274","GTC","V"
"128","2018-05-16","B04","G117-218","TTA","L"
"129","2018-05-16","B06","G117-234","TGC","C"
"130","2018-05-16","B08","G117-250","TGT","C"
"131","2018-05-16","B10","G117-266","ATC","I"
"132","2018-05-16","B12","G117-282","TTA","L"
"133","2018-05-16","C03","G117-211","TTG","L"
"134","2018-05-16","C05","G117-227","CAC","H"
"135","2018-05-16","C07","G117-243","het",NA
"136","2018-05-16","C09","G117-259","GTG","V"
"137","2018-05-16","C11","G117-275","TCA","S"
"138","2018-05-16","C04","G117-219","het",NA
"139","2018-05-16","C06","G117-235","ACA","T"
"140","2018-05-16","C08","G117-251","GTA","V"
"141","2018-05-16","C10","G117-267","TGT","C"
"142","2018-05-16","C12","G117-283","TGT","C"
"143","2018-05-16","D03","G117-212","GGC","G"
"144","2018-05-16","D05","G117-228","ATC","I"
"145","2018-05-16","D07","G117-244","GGG","G"
"146","2018-05-16","D09","G117-260","TTG","L"
"147","2018-05-16","D11","G117-276","het",NA
"148","2018-05-16","D04","G117-220","CAA","Q"
"149","2018-05-16","D06","G117-236","GGC","G"
"150","2018-05-16","D08","G117-252","CAT","H"
"151","2018-05-16","D10","G117-268","AAT","N"
"152","2018-05-16","D12","G117-284","GGA","G"
"153","2018-05-16","E03","G117-213","CTG","L"
"154","2018-05-16","E05","G117-229","TTT","F"
"155","2018-05-16","E07","G117-245","TTG","L"
"156","2018-05-16","E09","G117-261","GAA","E"
"157","2018-05-16","E11","G117-277","GTT","V"
"158","2018-05-16","E04","G117-221","ACA","T"
"159","2018-05-16","E06","G117-237","AAT","N"
"160","2018-05-16","E08","G117-253","AAC","N"
"161","2018-05-16","E10","G117-269",NA,NA
"162","2018-05-16","E12","G117-285",NA,NA
"163","2018-05-16","F03","G117-214","TTC","F"
"164","2018-05-16","F05","G117-230","TTA","L"
"165","2018-05-16","F07","G117-246","CAA","Q"
"166","2018-05-16","F09","G117-262","CAC","H"
"167","2018-05-16","F11","G117-278","TTT","F"
"168","2018-05-16","F04","G117-222","TAC","Y"
"169","2018-05-16","F06","G117-238","CTG","L"
"170","2018-05-16","F08","G117-254",NA,NA
"171","2018-05-16","F10","G117-270",NA,NA
"172","2018-05-16","F12","G117-286",NA,NA
"173","2018-05-16","G03","G117-215","ACA","T"
"174","2018-05-16","G05","G117-231","AAC","N"
"175","2018-05-16","G07","G117-247",NA,NA
"176","2018-05-16","G09","G117-263","ACA","T"
"177","2018-05-16","G11","G117-279","GTT","V"
"178","2018-05-16","G04","G117-223","AAC","N"
"179","2018-05-16","G06","G117-239","TTA","L"
"180","2018-05-16","G08","G117-255","TAT","Y"
"181","2018-05-16","G10","G117-271","TGT","C"
"182","2018-05-16","G12","G117-287",NA,NA
"183","2018-05-16","H03","G117-216","GGG","G"
"184","2018-05-16","H05","G117-232","ACA","T"
"185","2018-05-16","H07","G117-248","ACA","T"
"186","2018-05-16","H09","G117-264","TTC","F"
"187","2018-05-16","H11","G117-280","GCA","A"
"188","2018-05-16","H04","G117-224","CAT","H"
"189","2018-05-16","H06","G117-240","GCG","A"
"190","2018-05-16","H08","G117-256","CTG","L"
"191","2018-05-16","H10","G117-272","GAA","E"
"192","2018-05-16","H12","G117-288",NA,NA
