G123_1-94,,,,1-144,,
G123-1,CTA,L,,G123-114,GGT,G
G123-2,CTG,L,,G123-122,ACG,T
G123-4,CTC,L,,G123-135,GGC,G
G123-10,TTG,L,,,,
G123-11,GTA,V,,,,
G123-12,TCA,S,,,,
G123-13,ACA,T,, ,,
G123-14,CTT,L,,,,
G123-16,TGT,C,,,,
G123-17,ATT,I,,,,
G123-19,GCA,A,,,,
G123-20,AGC,S,,,,
G123-21,GTT,V,,,,
G123-22,ATA,I,,,,
G123-23,TTA,L,,,,
G123-24,GTG,V,,,,
G123-25,GCT,A,,,,
G123-26,GCG,A,,,,
G123-30,AGT,S,,,,
G123-35,GTC,V,,,,
G123-36,TGC,C,,,,
G123-50,TCC,S,,,,
G123-53,TCG,S,,,,
G123-55,TCT,S,,,,
G123-56,GCC,A,,,,
G123-59,GGA,G,,,,
G123-61,ACC,T,,,,
G123-65,ATC,I,,,,
