"","plate.pos","sample.names","codon","aa"
"1","A01","G125-1","TGT","C"
"2","B02","G125-10","TGT","C"
"3","C02","G125-11","GAT","D"
"4","D02","G125-12",NA,NA
"5","E02","G125-13","GAC","D"
"6","F02","G125-14","het",NA
"7","G02","G125-15","GAT","D"
"8","H02","G125-16","GAT","D"
"9","A03","G125-17","GAT","D"
"10","B03","G125-18","GAC","D"
"11","C03","G125-19","GAT","D"
"12","B01","G125-2","TGT","C"
"13","D03","G125-20","GAC","D"
"14","E03","G125-21","GAC","D"
"15","F03","G125-22",NA,NA
"16","G03","G125-23",NA,NA
"17","H03","G125-24","GAT","D"
"18","A04","G125-25","GAT","D"
"19","B04","G125-26","TGC","C"
"20","C04","G125-27","GAT","D"
"21","D04","G125-28","TGC","C"
"22","E04","G125-29","TGT","C"
"23","C01","G125-3","GAC","D"
"24","F04","G125-30","TGC","C"
"25","G04","G125-31","TGT","C"
"26","H04","G125-32","TGC","C"
"27","A05","G125-33","TGC","C"
"28","B05","G125-34","TGT","C"
"29","C05","G125-35","TGC","C"
"30","D05","G125-36","TGC","C"
"31","E05","G125-37","TGC","C"
"32","F05","G125-38","TGC","C"
"33","G05","G125-39","TGC","C"
"34","D01","G125-4",NA,NA
"35","H05","G125-40","TGC","C"
"36","A06","G125-41","GAT","D"
"37","B06","G125-42","GAC","D"
"38","C06","G125-43","TGC","C"
"39","D06","G125-44","TGT","C"
"40","E06","G125-45","TGC","C"
"41","F06","G125-46",NA,NA
"42","G06","G125-47","GAC","D"
"43","H06","G125-48","TGC","C"
"44","A07","G125-49","GAC","D"
"45","E01","G125-5","GAC","D"
"46","B07","G125-50","het",NA
"47","C07","G125-51","GAT","D"
"48","D07","G125-52","GAT","D"
"49","E07","G125-53","GAC","D"
"50","F07","G125-54","GAT","D"
"51","G07","G125-55","GAT","D"
"52","H07","G125-56","GAC","D"
"53","A08","G125-57","GAC","D"
"54","B08","G125-58","GAT","D"
"55","C08","G125-59","GAT","D"
"56","F01","G125-6","GAT","D"
"57","D08","G125-60","GAC","D"
"58","E08","G125-61","TGT","C"
"59","F08","G125-62","TGT","C"
"60","G08","G125-63",NA,NA
"61","H08","G125-64","TGC","C"
"62","A09","G125-65","GAT","D"
"63","B09","G125-66","GAC","D"
"64","C09","G125-67","GAT","D"
"65","D09","G125-68","GAC","D"
"66","E09","G125-69","GAT","D"
"67","G01","G125-7","TGT","C"
"68","F09","G125-70","GAC","D"
"69","G09","G125-71","GAT","D"
"70","H09","G125-72","GAT","D"
"71","A10","G125-73","GAC","D"
"72","B10","G125-74","GAC","D"
"73","C10","G125-75",NA,NA
"74","D10","G125-76","GAC","D"
"75","E10","G125-77","GAT","D"
"76","F10","G125-78",NA,NA
"77","G10","G125-79","GAT","D"
"78","H01","G125-8","TGC","C"
"79","H10","G125-80","TGC","C"
"80","A11","G125-81","GAC","D"
"81","B11","G125-82","TGC","C"
"82","C11","G125-83","TGT","C"
"83","D11","G125-84","TGT","C"
"84","E11","G125-85","GAT","D"
"85","F11","G125-86","GAT","D"
"86","G11","G125-87","GAC","D"
"87","H11","G125-88","GAT","D"
"88","A12","G125-89","GAT","D"
"89","A02","G125-9","TGC","C"
"90","B12","G125-90","GAC","D"
"91","C12","G125-91",NA,NA
"92","D12","G125-92","TGC","C"
"93","E12","G125-93","GAT","D"
"94","F12","G125-94","GAC","D"
