"","N","Q","A","E","G","H","L","R","T","V","W","C","M","S","F","I","P","Y","D","K","*"
"G3","36","55",NA,NA,NA,NA,NA,NA,NA,NA,NA,NA,NA,NA,NA,NA,NA,NA,NA,NA,NA
"G4",NA,NA," 18","  2","118","  3","  1"," 10","  5","  3","  1",NA,NA,NA,NA,NA,NA,NA,NA,NA,NA
"G4re",NA," 1"," 8"," 6","12"," 4","12","13"," 7","12"," 2"," 1"," 1"," 7",NA,NA,NA,NA,NA,NA,NA
"G8","12"," 4","13",NA,NA,"10","16","23","18"," 1",NA,"14"," 2","26"," 4"," 3","26"," 5",NA,NA,NA
"G11",NA,NA,"23",NA,"32",NA,NA,NA," 1",NA,NA,"16",NA,"36",NA,NA,"18",NA,NA,NA,NA
"G15",NA,NA,"18",NA,NA,NA,NA,NA,"72",NA,NA,"13",NA,"57",NA,NA,NA,NA,NA,NA,NA
"G41","22",NA," 2",NA,NA,NA,NA,NA,"21",NA,NA,"30",NA,"32",NA,NA,NA,NA,NA,NA,NA
"G43"," 2"," 6"," 9"," 2","23"," 6","17","10","11","13"," 4","10"," 4","17"," 5"," 8",NA," 7"," 1","11",NA
"G45"," 6"," 7"," 7"," 3"," 3"," 5","17"," 4"," 8"," 8"," 1"," 6"," 2"," 7","43"," 8"," 5","10"," 8"," 7",NA
"G72",NA,NA,NA,NA,NA,NA,"35",NA,NA,"55",NA,"19",NA,NA,NA," 2",NA,NA,NA,NA,NA
"G74",NA,NA,NA,NA,NA,NA,NA,NA," 60",NA,NA,NA,NA,"100",NA,NA,NA,NA,NA,NA,NA
"G80"," 3",NA,"26",NA,"30",NA,NA,NA,"16","12",NA,"11",NA,"19",NA," 5",NA,NA,NA,NA,NA
"G81",NA,NA,NA,NA,NA,NA,"34",NA,NA,NA,"46",NA," 1",NA," 5"," 1",NA," 2",NA,NA,NA
"G88",NA,NA,"43",NA,"67"," 4"," 5","29"," 6","10","13"," 6",NA," 7"," 1"," 1"," 9"," 2",NA,NA,NA
"G106"," 3"," 4"," 9"," 8","12"," 9"," 5"," 9","19","15"," 5"," 6"," 2"," 8"," 3"," 2","11"," 6"," 2",NA,NA
"G117","13"," 9","10"," 4","12"," 5","17",NA,"15","16"," 2","15"," 9","12"," 8"," 7",NA," 3"," 2",NA,NA
"G119"," 5"," 7","19"," 6","53"," 5","11","22"," 7"," 8"," 3"," 3"," 1"," 9"," 1"," 1","39"," 2",NA," 2",NA
"G123"," 2",NA,"11",NA," 9",NA,"37",NA,"13","21",NA,"11",NA,"25",NA,"32",NA,NA,NA,NA,NA
"G125",NA,NA,NA,NA,NA,NA,NA,NA,NA,NA,NA,NA,NA,NA,NA,NA,NA,NA,"89",NA,NA
"G125re",NA,NA,NA,NA,NA,NA,NA,NA,NA,NA,NA,"32",NA,NA,NA,NA,NA,NA,"51",NA,NA
"G128","15",NA," 9",NA,NA,NA,NA,NA,"33","21",NA,"10",NA,"34",NA,NA,NA,NA,NA,NA,NA
"G129",NA,NA,"38",NA,NA," 1","30",NA,"13","17",NA," 6"," 1","13"," 2"," 3",NA,NA,NA,NA,NA
"G148",NA,NA,"35",NA,"15",NA,"14",NA,"12",NA,NA,"12"," 1","11",NA,NA,NA,NA," 7",NA,NA
