"","id","site","variable","value","aa","ag"
"1","g106_lig_mix","106","TTT",0.0168583560642277,"F","106_F"
"2","g117_lig_mix","117","TTT",0.0234566972569079,"F","117_F"
"3","g119_lig_mix","119","TTT",0.00202987560505907,"F","119_F"
"4","g123_lig_mix","123","TTT",0.0588244203129023,"F","123_F"
"5","g125_lig_mix","125","TTT",0.00020711080428029,"F","125_F"
"6","g129_lig_mix","129","TTT",0.00586810228802153,"F","129_F"
"7","g148_lig_mix","148","TTT",0.0120870404855507,"F","148_F"
"8","g15_lig_mix","15","TTT",0.0475361749308782,"F","15_F"
"9","g4_lig_mix","4","TTT",0,"F","4_F"
"10","g41_lig_mix","41","TTT",0.0181644176476218,"F","41_F"
"11","g43_lig_mix","43","TTT",0.01448199923401,"F","43_F"
"12","g72_lig_mix","72","TTT",0.00102504321260602,"F","72_F"
"13","g74_lig_mix","74","TTT",0.0166695374251211,"F","74_F"
"14","g8_lig_mix","8","TTT",0.00447043129018066,"F","8_F"
"15","g80_lig_mix","80","TTT",0.00472600271641212,"F","80_F"
"16","g81_lig_mix","81","TTT",0.0198784411869861,"F","81_F"
"17","g88_lig_mix","88","TTT",0.0214515171353318,"F","88_F"
"18","g106_lig_mix","106","TTC",0.00674896656449481,"F","106_F"
"19","g117_lig_mix","117","TTC",0.0108194172809789,"F","117_F"
"20","g119_lig_mix","119","TTC",0.00590745849164628,"F","119_F"
"21","g123_lig_mix","123","TTC",0.0271707028942705,"F","123_F"
"22","g125_lig_mix","125","TTC",0.000966517086641353,"F","125_F"
"23","g129_lig_mix","129","TTC",0.00929564827276806,"F","129_F"
"24","g148_lig_mix","148","TTC",0.0109317883991999,"F","148_F"
"25","g15_lig_mix","15","TTC",0.0133191113107184,"F","15_F"
"26","g4_lig_mix","4","TTC",1.75811811037465e-05,"F","4_F"
"27","g41_lig_mix","41","TTC",0.00685233036654225,"F","41_F"
"28","g43_lig_mix","43","TTC",0.0106281118345462,"F","43_F"
"29","g72_lig_mix","72","TTC",0.00596936929694095,"F","72_F"
"30","g74_lig_mix","74","TTC",0.0125930604198963,"F","74_F"
"31","g8_lig_mix","8","TTC",0.00764940465208691,"F","8_F"
"32","g80_lig_mix","80","TTC",0.00899465033123597,"F","80_F"
"33","g81_lig_mix","81","TTC",0.0121082111786438,"F","81_F"
"34","g88_lig_mix","88","TTC",0.00978944323493141,"F","88_F"
"35","g106_lig_mix","106","TTA",0.00546947498664267,"L","106_L"
"36","g117_lig_mix","117","TTA",0.0143297728298481,"L","117_L"
"37","g119_lig_mix","119","TTA",0.00143132254202883,"L","119_L"
"38","g123_lig_mix","123","TTA",0.037939024944341,"L","123_L"
"39","g125_lig_mix","125","TTA",0.000155333103210217,"L","125_L"
"40","g129_lig_mix","129","TTA",0.00222521310004486,"L","129_L"
"41","g148_lig_mix","148","TTA",0.00648320573832678,"L","148_L"
"42","g15_lig_mix","15","TTA",0.0132489368570266,"L","15_L"
"43","g4_lig_mix","4","TTA",0,"L","4_L"
"44","g41_lig_mix","41","TTA",0.0212651928414202,"L","41_L"
"45","g43_lig_mix","43","TTA",0.0121840291076216,"L","43_L"
"46","g72_lig_mix","72","TTA",0.000602966595650601,"L","72_L"
"47","g74_lig_mix","74","TTA",0.0140284396470881,"L","74_L"
"48","g8_lig_mix","8","TTA",0.00591799951747726,"L","8_L"
"49","g80_lig_mix","80","TTA",0.00533580951852981,"L","80_L"
"50","g81_lig_mix","81","TTA",0.00128709331426528,"L","81_L"
"51","g88_lig_mix","88","TTA",0.00176605818857239,"L","88_L"
"52","g106_lig_mix","106","TTG",0.0212451843311493,"L","106_L"
"53","g117_lig_mix","117","TTG",0.0213630209116895,"L","117_L"
"54","g119_lig_mix","119","TTG",0.00392963097902462,"L","119_L"
"55","g123_lig_mix","123","TTG",0.0233389371014888,"L","123_L"
"56","g125_lig_mix","125","TTG",0.00117362789092164,"L","125_L"
"57","g129_lig_mix","129","TTG",0.00529385374607447,"L","129_L"
"58","g148_lig_mix","148","TTG",0.010897303262294,"L","148_L"
"59","g15_lig_mix","15","TTG",0.0221189878036799,"L","15_L"
"60","g4_lig_mix","4","TTG",0.000316461259867438,"L","4_L"
"61","g41_lig_mix","41","TTG",0.0352761029763614,"L","41_L"
"62","g43_lig_mix","43","TTG",0.0196045576407507,"L","43_L"
"63","g72_lig_mix","72","TTG",0.0021103830847771,"L","72_L"
"64","g74_lig_mix","74","TTG",0.0189278674092362,"L","74_L"
"65","g8_lig_mix","8","TTG",0.0139222003037055,"L","8_L"
"66","g80_lig_mix","80","TTG",0.00941042769631621,"L","80_L"
"67","g81_lig_mix","81","TTG",0.010272911452747,"L","81_L"
"68","g88_lig_mix","88","TTG",0.00742962410364935,"L","88_L"
"69","g106_lig_mix","106","TCT",0.0100812688057141,"S","106_S"
"70","g117_lig_mix","117","TCT",0.012273707436939,"S","117_S"
"71","g119_lig_mix","119","TCT",0.00580336230677146,"S","119_S"
"72","g123_lig_mix","123","TCT",0.0173413906432217,"S","123_S"
"73","g125_lig_mix","125","TCT",0.000759406282361063,"S","125_S"
"74","g129_lig_mix","129","TCT",0.00900852400179453,"S","129_S"
"75","g148_lig_mix","148","TCT",0.0260190357955721,"S","148_S"
"76","g15_lig_mix","15","TCT",0.0332346212684734,"S","15_S"
"77","g4_lig_mix","4","TCT",0.000369204803178678,"S","4_S"
"78","g41_lig_mix","41","TCT",0.00895779500430663,"S","41_S"
"79","g43_lig_mix","43","TCT",0.0115616621983914,"S","43_S"
"80","g72_lig_mix","72","TCT",0.00383888732564216,"S","72_S"
"81","g74_lig_mix","74","TCT",0.0326883696005818,"S","74_S"
"82","g8_lig_mix","8","TCT",0.00628698749698423,"S","8_S"
"83","g80_lig_mix","80","TCT",0.0126396318984394,"S","80_S"
"84","g81_lig_mix","81","TCT",0.0111786437850077,"S","81_S"
"85","g88_lig_mix","88","TCT",0.00746007338276266,"S","88_S"
"86","g106_lig_mix","106","TCC",0.0118106914878659,"S","106_S"
"87","g117_lig_mix","117","TCC",0.00791083696905872,"S","117_S"
"88","g119_lig_mix","119","TCC",0.0190756258783116,"S","119_S"
"89","g123_lig_mix","123","TCC",0.0101019279991519,"S","123_S"
"90","g125_lig_mix","125","TCC",0.0197618225750777,"S","125_S"
"91","g129_lig_mix","129","TCC",0.0271870794078062,"S","129_S"
"92","g148_lig_mix","148","TCC",0.0269156493551279,"S","148_S"
"93","g15_lig_mix","15","TCC",0.0223295111647556,"S","15_S"
"94","g4_lig_mix","4","TCC",0.00344591149633432,"S","4_S"
"95","g41_lig_mix","41","TCC",0.00373241458512776,"S","41_S"
"96","g43_lig_mix","43","TCC",0.0103288969743393,"S","43_S"
"97","g72_lig_mix","72","TCC",0.0296659565060096,"S","72_S"
"98","g74_lig_mix","74","TCC",0.0116170025454058,"S","74_S"
"99","g8_lig_mix","8","TCC",0.0158097157373373,"S","8_S"
"100","g80_lig_mix","80","TCC",0.0188485738836378,"S","80_S"
"101","g81_lig_mix","81","TCC",0.0404719342152306,"S","81_S"
"102","g88_lig_mix","88","TCC",0.0286984455643013,"S","88_S"
"103","g106_lig_mix","106","TCA",0.0129355192486151,"S","106_S"
"104","g117_lig_mix","117","TCA",0.0126874279123414,"S","117_S"
"105","g119_lig_mix","119","TCA",0.00595950658408369,"S","119_S"
"106","g123_lig_mix","123","TCA",0.0155088070031957,"S","123_S"
"107","g125_lig_mix","125","TCA",0.000569554711770797,"S","125_S"
"108","g129_lig_mix","129","TCA",0.00665769403319874,"S","129_S"
"109","g148_lig_mix","148","TCA",0.0113800951789779,"S","148_S"
"110","g15_lig_mix","15","TCA",0.020589184713197,"S","15_S"
"111","g4_lig_mix","4","TCA",7.03247244149862e-05,"S","4_S"
"112","g41_lig_mix","41","TCA",0.0124605225380419,"S","41_S"
"113","g43_lig_mix","43","TCA",0.0158823247797779,"S","43_S"
"114","g72_lig_mix","72","TCA",0.00389918398520722,"S","72_S"
"115","g74_lig_mix","74","TCA",0.0205163537539951,"S","74_S"
"116","g8_lig_mix","8","TCA",0.0111689823027688,"S","8_S"
"117","g80_lig_mix","80","TCA",0.0121961360423539,"S","80_S"
"118","g81_lig_mix","81","TCA",0.00500536288880944,"S","81_S"
"119","g88_lig_mix","88","TCA",0.00327329750468158,"S","88_S"
"120","g106_lig_mix","106","TCG",0.00944855319029274,"S","106_S"
"121","g117_lig_mix","117","TCG",0.00937766410912191,"S","117_S"
"122","g119_lig_mix","119","TCG",0.00882215166814136,"S","119_S"
"123","g123_lig_mix","123","TCG",0.00981416693170976,"S","123_S"
"124","g125_lig_mix","125","TCG",0.00276147739040387,"S","125_S"
"125","g129_lig_mix","129","TCG",0.00807537012113055,"S","129_S"
"126","g148_lig_mix","148","TCG",0.0109490309676529,"S","148_S"
"127","g15_lig_mix","15","TCG",0.0117050988758053,"S","15_S"
"128","g4_lig_mix","4","TCG",0.00879059055187328,"S","4_S"
"129","g41_lig_mix","41","TCG",0.0127859125275146,"S","41_S"
"130","g43_lig_mix","43","TCG",0.0101134622749904,"S","43_S"
"131","g72_lig_mix","72","TCG",0.00474333721911806,"S","72_S"
"132","g74_lig_mix","74","TCG",0.0116744177144935,"S","74_S"
"133","g8_lig_mix","8","TCG",0.0122901380866554,"S","8_S"
"134","g80_lig_mix","80","TCG",0.0131247054910331,"S","80_S"
"135","g81_lig_mix","81","TCG",0.0169467286378262,"S","81_S"
"136","g88_lig_mix","88","TCG",0.00849534887261544,"S","88_S"
"137","g106_lig_mix","106","TAT",0.0111639155254352,"Y","106_Y"
"138","g117_lig_mix","117","TAT",0.0206108018655032,"Y","117_Y"
"139","g119_lig_mix","119","TAT",0.00221204392859002,"Y","119_Y"
"140","g123_lig_mix","123","TAT",0.0302452027200994,"Y","123_Y"
"141","g125_lig_mix","125","TAT",0.000120814635830169,"Y","125_Y"
"142","g129_lig_mix","129","TAT",0.00253028263795424,"Y","129_Y"
"143","g148_lig_mix","148","TAT",0.0103282985033451,"Y","148_Y"
"144","g15_lig_mix","15","TAT",0.0239294887089304,"Y","15_Y"
"145","g4_lig_mix","4","TAT",1.75811811037465e-05,"Y","4_Y"
"146","g41_lig_mix","41","TAT",0.0178390276581491,"Y","41_Y"
"147","g43_lig_mix","43","TAT",0.0196883378016086,"Y","43_Y"
"148","g72_lig_mix","72","TAT",0.000743658801302408,"Y","72_Y"
"149","g74_lig_mix","74","TAT",0.0278846337869132,"Y","74_Y"
"150","g8_lig_mix","8","TAT",0.00544966862041071,"Y","8_Y"
"151","g80_lig_mix","80","TAT",0.00705435596086149,"Y","80_Y"
"152","g81_lig_mix","81","TAT",0.00240734119890359,"Y","81_Y"
"153","g88_lig_mix","88","TAT",0.00246639160817868,"Y","88_Y"
"154","g106_lig_mix","106","TAC",0.0146087005427294,"Y","106_Y"
"155","g117_lig_mix","117","TAC",0.0149816960032095,"Y","117_Y"
"156","g119_lig_mix","119","TAC",0.00629781918492687,"Y","119_Y"
"157","g123_lig_mix","123","TAC",0.0172505187271874,"Y","123_Y"
"158","g125_lig_mix","125","TAC",0.00125992405937176,"Y","125_Y"
"159","g129_lig_mix","129","TAC",0.00882907133243607,"Y","129_Y"
"160","g148_lig_mix","148","TAC",0.0117939168218498,"Y","148_Y"
"161","g15_lig_mix","15","TAC",0.0193400794374816,"Y","15_Y"
"162","g4_lig_mix","4","TAC",1.75811811037465e-05,"Y","4_Y"
"163","g41_lig_mix","41","TAC",0.00717772035601493,"Y","41_Y"
"164","g43_lig_mix","43","TAC",0.0151522405208732,"Y","43_Y"
"165","g72_lig_mix","72","TAC",0.0055874904530289,"Y","72_Y"
"166","g74_lig_mix","74","TAC",0.0182771621595759,"Y","74_Y"
"167","g8_lig_mix","8","TAC",0.0118927664164171,"Y","8_Y"
"168","g80_lig_mix","80","TAC",0.0134850458741026,"Y","80_Y"
"169","g81_lig_mix","81","TAC",0.00853295197235133,"Y","81_Y"
"170","g88_lig_mix","88","TAC",0.00849534887261544,"Y","88_Y"
"171","g106_lig_mix","106","TAA",0.0114732431596412,"*","106_*"
"172","g117_lig_mix","117","TAA",0.0204728950403691,"*","117_*"
"173","g119_lig_mix","119","TAA",0.00210794774371519,"*","119_*"
"174","g123_lig_mix","123","TAA",0.0239447498750511,"*","123_*"
"175","g125_lig_mix","125","TAA",6.90369347600966e-05,"*","125_*"
"176","g129_lig_mix","129","TAA",0.00168685509196949,"*","129_*"
"177","g148_lig_mix","148","TAA",0.00550037933650597,"*","148_*"
"178","g15_lig_mix","15","TAA",0.0139226116124686,"*","15_*"
"179","g4_lig_mix","4","TAA",0,"*","4_*"
"180","g41_lig_mix","41","TAA",0.0381280505311513,"*","41_*"
"181","g43_lig_mix","43","TAA",0.0199636154729989,"*","43_*"
"182","g72_lig_mix","72","TAA",0.000522571049563854,"*","72_*"
"183","g74_lig_mix","74","TAA",0.0205929073127787,"*","74_*"
"184","g8_lig_mix","8","TAA",0.00726622482721428,"*","8_*"
"185","g80_lig_mix","80","TAA",0.00737311860742301,"*","80_*"
"186","g81_lig_mix","81","TAA",0.00116791800738887,"*","81_*"
"187","g88_lig_mix","88","TAA",0.000898253733842851,"*","88_*"
"188","g106_lig_mix","106","TAG",0.0109389499732853,"*","106_*"
"189","g117_lig_mix","117","TAG",0.012637279975929,"*","117_*"
"190","g119_lig_mix","119","TAG",0.00515276115130381,"*","119_*"
"191","g123_lig_mix","123","TAG",0.0158117133899768,"*","123_*"
"192","g125_lig_mix","125","TAG",0.00119088712461167,"*","125_*"
"193","g129_lig_mix","129","TAG",0.00337371018393899,"*","129_*"
"194","g148_lig_mix","148","TAG",0.00827643285743844,"*","148_*"
"195","g15_lig_mix","15","TAG",0.0109331798851946,"*","15_*"
"196","g4_lig_mix","4","TAG",0.000351623622074931,"*","4_*"
"197","g41_lig_mix","41","TAG",0.0174370753182123,"*","41_*"
"198","g43_lig_mix","43","TAG",0.014613653772501,"*","43_*"
"199","g72_lig_mix","72","TAG",0.00176870201390843,"*","72_*"
"200","g74_lig_mix","74","TAG",0.0146600065070525,"*","74_*"
"201","g8_lig_mix","8","TAG",0.0121056440969019,"*","8_*"
"202","g80_lig_mix","80","TAG",0.00972919034287773,"*","80_*"
"203","g81_lig_mix","81","TAG",0.00753187939458944,"*","81_*"
"204","g88_lig_mix","88","TAG",0.00342554390024816,"*","88_*"
"205","g106_lig_mix","106","TGT",0.0332949017181744,"C","106_C"
"206","g117_lig_mix","117","TGT",0.0303018905772027,"C","117_C"
"207","g119_lig_mix","119","TGT",0.00757299744964347,"C","119_C"
"208","g123_lig_mix","123","TGT",0.0198858042921835,"C","123_C"
"209","g125_lig_mix","125","TGT",0.00108733172247152,"C","125_C"
"210","g129_lig_mix","129","TGT",0.0080933153880664,"C","129_C"
"211","g148_lig_mix","148","TGT",0.0138285398993034,"C","148_C"
"212","g15_lig_mix","15","TGT",0.0531080265540133,"C","15_C"
"213","g4_lig_mix","4","TGT",0.000158230629933719,"C","4_C"
"214","g41_lig_mix","41","TGT",0.0351421188630491,"C","41_C"
"215","g43_lig_mix","43","TGT",0.0223094599770203,"C","43_C"
"216","g72_lig_mix","72","TGT",0.00277364633999276,"C","72_C"
"217","g74_lig_mix","74","TGT",0.0221622552678418,"C","74_C"
"218","g8_lig_mix","8","TGT",0.0163490058612321,"C","8_C"
"219","g80_lig_mix","80","TGT",0.0114338775397067,"C","80_C"
"220","g81_lig_mix","81","TGT",0.0137051602907877,"C","81_C"
"221","g88_lig_mix","88","TGT",0.0103679795380844,"C","88_C"
"222","g106_lig_mix","106","TGC",0.0205281066336717,"C","106_C"
"223","g117_lig_mix","117","TGC",0.0126122060077228,"C","117_C"
"224","g119_lig_mix","119","TGC",0.0111382917816062,"C","119_C"
"225","g123_lig_mix","123","TGC",0.0113892801429718,"C","123_C"
"226","g125_lig_mix","125","TGC",0.00875043148084225,"C","125_C"
"227","g129_lig_mix","129","TGC",0.0172274562584118,"C","129_C"
"228","g148_lig_mix","148","TGC",0.0142251189737223,"C","148_C"
"229","g15_lig_mix","15","TGC",0.014273483880928,"C","15_C"
"230","g4_lig_mix","4","TGC",0.000334042440971184,"C","4_C"
"231","g41_lig_mix","41","TGC",0.0161929371231697,"C","41_C"
"232","g43_lig_mix","43","TGC",0.0179768288012256,"C","43_C"
"233","g72_lig_mix","72","TGC",0.00884351006954215,"C","72_C"
"234","g74_lig_mix","74","TGC",0.014927943962795,"C","74_C"
"235","g8_lig_mix","8","TGC",0.0211884251309198,"C","8_C"
"236","g80_lig_mix","80","TGC",0.0148293926878621,"C","80_C"
"237","g81_lig_mix","81","TGC",0.0332737456798951,"C","81_C"
"238","g88_lig_mix","88","TGC",0.0213297200188786,"C","88_C"
"239","g106_lig_mix","106","TGA",0.0117825707938472,"*","106_*"
"240","g117_lig_mix","117","TGA",0.0133769620380121,"*","117_*"
"241","g119_lig_mix","119","TGA",0.00392963097902462,"*","119_*"
"242","g123_lig_mix","123","TGA",0.0174474078785951,"*","123_*"
"243","g125_lig_mix","125","TGA",0.000776665516051087,"*","125_*"
"244","g129_lig_mix","129","TGA",0.00423508299685958,"*","129_*"
"245","g148_lig_mix","148","TGA",0.00622456721153183,"*","148_*"
"246","g15_lig_mix","15","TGA",0.0174453691878009,"*","15_*"
"247","g4_lig_mix","4","TGA",0.000193392992141212,"*","4_*"
"248","g41_lig_mix","41","TGA",0.0237151880562733,"*","41_*"
"249","g43_lig_mix","43","TGA",0.0148171198774416,"*","43_*"
"250","g72_lig_mix","72","TGA",0.0027133496804277,"*","72_*"
"251","g74_lig_mix","74","TGA",0.013511703125299,"*","74_*"
"252","g8_lig_mix","8","TGA",0.012758468983722,"*","8_*"
"253","g80_lig_mix","80","TGA",0.00970147185187238,"*","80_*"
"254","g81_lig_mix","81","TGA",0.00793707543796925,"*","81_*"
"255","g88_lig_mix","88","TGA",0.00452171794832757,"*","88_*"
"256","g106_lig_mix","106","TGG",0.0326200050617249,"W","106_W"
"257","g117_lig_mix","117","TGG",0.016736873777644,"W","117_W"
"258","g119_lig_mix","119","TGG",0.0194659865715921,"W","119_W"
"259","g123_lig_mix","123","TGG",0.0112378269495812,"W","123_W"
"260","g125_lig_mix","125","TGG",0.0160338280980324,"W","125_W"
"261","g129_lig_mix","129","TGG",0.0164558097801705,"W","129_W"
"262","g148_lig_mix","148","TGG",0.0100179322711911,"W","148_W"
"263","g15_lig_mix","15","TGG",0.0232979186257035,"W","15_W"
"264","g4_lig_mix","4","TGG",0.0116211607095765,"W","4_W"
"265","g41_lig_mix","41","TGG",0.0431811656617858,"W","41_W"
"266","g43_lig_mix","43","TGG",0.0216631558789736,"W","43_W"
"267","g72_lig_mix","72","TGG",0.0163403947421313,"W","72_W"
"268","g74_lig_mix","74","TGG",0.0160188321754608,"W","74_W"
"269","g8_lig_mix","8","TGG",0.0262691057718235,"W","8_W"
"270","g80_lig_mix","80","TGG",0.0205532610804668,"W","80_W"
"271","g81_lig_mix","81","TGG",0.0773209391014182,"W","81_W"
"272","g88_lig_mix","88","TGG",0.0260645829209993,"W","88_W"
"273","g106_lig_mix","106","CTT",0.00935013076122719,"L","106_L"
"274","g117_lig_mix","117","CTT",0.0143297728298481,"L","117_L"
"275","g119_lig_mix","119","CTT",0.00674022797064488,"L","119_L"
"276","g123_lig_mix","123","CTT",0.0194617353506899,"L","123_L"
"277","g125_lig_mix","125","CTT",0.000811183983431136,"L","125_L"
"278","g129_lig_mix","129","CTT",0.0126514131897712,"L","129_L"
"279","g148_lig_mix","148","CTT",0.0114490654527898,"L","148_L"
"280","g15_lig_mix","15","CTT",0.0143015536624047,"L","15_L"
"281","g4_lig_mix","4","CTT",8.79059055187327e-05,"L","4_L"
"282","g41_lig_mix","41","CTT",0.00715857976839889,"L","41_L"
"283","g43_lig_mix","43","CTT",0.00974243584833397,"L","43_L"
"284","g72_lig_mix","72","CTT",0.00576838043172408,"L","72_L"
"285","g74_lig_mix","74","CTT",0.0116744177144935,"L","74_L"
"286","g8_lig_mix","8","CTT",0.00708173083746079,"L","8_L"
"287","g80_lig_mix","80","CTT",0.00920253901377609,"L","80_L"
"288","g81_lig_mix","81","CTT",0.00707901322845906,"L","81_L"
"289","g88_lig_mix","88","CTT",0.00599850798532345,"L","88_L"
"290","g106_lig_mix","106","CTC",0.00631309580720452,"L","106_L"
"291","g117_lig_mix","117","CTC",0.00718369189107868,"L","117_L"
"292","g119_lig_mix","119","CTC",0.019570082756467,"L","119_L"
"293","g123_lig_mix","123","CTC",0.0125403244127402,"L","123_L"
"294","g125_lig_mix","125","CTC",0.0167759751467035,"L","125_L"
"295","g129_lig_mix","129","CTC",0.0278869448183042,"L","129_L"
"296","g148_lig_mix","148","CTC",0.0242430512449134,"L","148_L"
"297","g15_lig_mix","15","CTC",0.011508610405468,"L","15_L"
"298","g4_lig_mix","4","CTC",0.00239104063010953,"L","4_L"
"299","g41_lig_mix","41","CTC",0.00313905636903053,"L","41_L"
"300","g43_lig_mix","43","CTC",0.00908416315587897,"L","43_L"
"301","g72_lig_mix","72","CTC",0.0271937934638421,"L","72_L"
"302","g74_lig_mix","74","CTC",0.0102007617079099,"L","74_L"
"303","g8_lig_mix","8","CTC",0.0131700324993259,"L","8_L"
"304","g80_lig_mix","80","CTC",0.0153837625079691,"L","80_L"
"305","g81_lig_mix","81","CTC",0.0403527589083542,"L","81_L"
"306","g88_lig_mix","88","CTC",0.0190916980040498,"L","88_L"
"307","g106_lig_mix","106","CTA",0.00740980287393493,"L","106_L"
"308","g117_lig_mix","117","CTA",0.0109197131538037,"L","117_L"
"309","g119_lig_mix","119","CTA",0.00679227606308229,"L","119_L"
"310","g123_lig_mix","123","CTA",0.016902176382389,"L","123_L"
"311","g125_lig_mix","125","CTA",0.000396962374870556,"L","125_L"
"312","g129_lig_mix","129","CTA",0.00707043517272319,"L","129_L"
"313","g148_lig_mix","148","CTA",0.00927650182771226,"L","148_L"
"314","g15_lig_mix","15","CTA",0.0119015873461425,"L","15_L"
"315","g4_lig_mix","4","CTA",0,"L","4_L"
"316","g41_lig_mix","41","CTA",0.00968513733371614,"L","41_L"
"317","g43_lig_mix","43","CTA",0.0113342589046342,"L","43_L"
"318","g72_lig_mix","72","CTA",0.00440165614824939,"L","72_L"
"319","g74_lig_mix","74","CTA",0.0144494842203977,"L","74_L"
"320","g8_lig_mix","8","CTA",0.0087989441267048,"L","8_L"
"321","g80_lig_mix","80","CTA",0.0105884635640436,"L","80_L"
"322","g81_lig_mix","81","CTA",0.00374210463591944,"L","81_L"
"323","g88_lig_mix","88","CTA",0.00298402935310507,"L","88_L"
"324","g106_lig_mix","106","CTG",0.00939231180225528,"L","106_L"
"325","g117_lig_mix","117","CTG",0.0126874279123414,"L","117_L"
"326","g119_lig_mix","119","CTG",0.0133763597564149,"L","119_L"
"327","g123_lig_mix","123","CTG",0.0125100337740621,"L","123_L"
"328","g125_lig_mix","125","CTG",0.00386606834656541,"L","125_L"
"329","g129_lig_mix","129","CTG",0.012669358456707,"L","129_L"
"330","g148_lig_mix","148","CTG",0.0127767432236706,"L","148_L"
"331","g15_lig_mix","15","CTG",0.00912267897994414,"L","15_L"
"332","g4_lig_mix","4","CTG",0.00144165685050722,"L","4_L"
"333","g41_lig_mix","41","CTG",0.0123839601875778,"L","41_L"
"334","g43_lig_mix","43","CTG",0.0129978935273841,"L","43_L"
"335","g72_lig_mix","72","CTG",0.00693411584998191,"L","72_L"
"336","g74_lig_mix","74","CTG",0.012114600677499,"L","74_L"
"337","g8_lig_mix","8","CTG",0.014390531200772,"L","8_L"
"338","g80_lig_mix","80","CTG",0.011891232641295,"L","80_L"
"339","g81_lig_mix","81","CTG",0.00819926111309737,"L","81_L"
"340","g88_lig_mix","88","CTG",0.00685108780049632,"L","88_L"
"341","g106_lig_mix","106","CCT",0.0108545878912292,"P","106_P"
"342","g117_lig_mix","117","CCT",0.00961586680708089,"P","117_P"
"343","g119_lig_mix","119","CCT",0.027091032113673,"P","119_P"
"344","g123_lig_mix","123","CCT",0.00917806351946931,"P","123_P"
"345","g125_lig_mix","125","CCT",0.0110976872626855,"P","125_P"
"346","g129_lig_mix","129","CCT",0.0265410497981157,"P","129_P"
"347","g148_lig_mix","148","CCT",0.0291571832540175,"P","148_P"
"348","g15_lig_mix","15","CCT",0.0220488133499881,"P","15_P"
"349","g4_lig_mix","4","CCT",0.0170713268517379,"P","4_P"
"350","g41_lig_mix","41","CCT",0.00331132165757489,"P","41_P"
"351","g43_lig_mix","43","CCT",0.00850967062428188,"P","43_P"
"352","g72_lig_mix","72","CCT",0.0302488242151385,"P","72_P"
"353","g74_lig_mix","74","CCT",0.0111002660236168,"P","74_P"
"354","g8_lig_mix","8","CCT",0.0115095865915445,"P","8_P"
"355","g80_lig_mix","80","CCT",0.0249050641683067,"P","80_P"
"356","g81_lig_mix","81","CCT",0.0258372065308068,"P","81_P"
"357","g88_lig_mix","88","CCT",0.0145090814974955,"P","88_P"
"358","g106_lig_mix","106","CCC",0.014861786788898,"P","106_P"
"359","g117_lig_mix","117","CCC",0.0078481520485432,"P","117_P"
"360","g119_lig_mix","119","CCC",0.0760943111434966,"P","119_P"
"361","g123_lig_mix","123","CCC",0.00667908582852469,"P","123_P"
"362","g125_lig_mix","125","CCC",0.204055919917156,"P","125_P"
"363","g129_lig_mix","129","CCC",0.0919156572454015,"P","129_P"
"364","g148_lig_mix","148","CCC",0.10109317883992,"P","148_P"
"365","g15_lig_mix","15","CCC",0.0251785939846458,"P","15_P"
"366","g4_lig_mix","4","CCC",0.302923750417553,"P","4_P"
"367","g41_lig_mix","41","CCC",0.00191405876160398,"P","41_P"
"368","g43_lig_mix","43","CCC",0.0112504787437763,"P","43_P"
"369","g72_lig_mix","72","CCC",0.154017767415685,"P","72_P"
"370","g74_lig_mix","74","CCC",0.00951177967885782,"P","74_P"
"371","g8_lig_mix","8","CCC",0.0286959113293502,"P","8_P"
"372","g80_lig_mix","80","CCC",0.0360478975524572,"P","80_P"
"373","g81_lig_mix","81","CCC",0.159385055416518,"P","81_P"
"374","g88_lig_mix","88","CCC",0.0800511547889104,"P","88_P"
"375","g106_lig_mix","106","CCA",0.0236776243637693,"P","106_P"
"376","g117_lig_mix","117","CCA",0.0154455644150243,"P","117_P"
"377","g119_lig_mix","119","CCA",0.0285483787019206,"P","119_P"
"378","g123_lig_mix","123","CCA",0.00928408075484272,"P","123_P"
"379","g125_lig_mix","125","CCA",0.0109078356920953,"P","125_P"
"380","g129_lig_mix","129","CCA",0.0246388515029161,"P","129_P"
"381","g148_lig_mix","148","CCA",0.0379164080281399,"P","148_P"
"382","g15_lig_mix","15","CCA",0.028546967761856,"P","15_P"
"383","g4_lig_mix","4","CCA",0.00537984141774644,"P","4_P"
"384","g41_lig_mix","41","CCA",0.00501483395540243,"P","41_P"
"385","g43_lig_mix","43","CCA",0.020322673305247,"P","43_P"
"386","g72_lig_mix","72","CCA",0.0268521123929734,"P","72_P"
"387","g74_lig_mix","74","CCA",0.0176647336893074,"P","74_P"
"388","g8_lig_mix","8","CCA",0.0196415139860636,"P","8_P"
"389","g80_lig_mix","80","CCA",0.0241843834021676,"P","80_P"
"390","g81_lig_mix","81","CCA",0.0251221546895483,"P","81_P"
"391","g88_lig_mix","88","CCA",0.01248420443646,"P","88_P"
"392","g106_lig_mix","106","CCG",0.00726919940384129,"P","106_P"
"393","g117_lig_mix","117","CCG",0.00666967554285141,"P","117_P"
"394","g119_lig_mix","119","CCG",0.0327122260969136,"P","119_P"
"395","g123_lig_mix","123","CCG",0.00684568434125434,"P","123_P"
"396","g125_lig_mix","125","CCG",0.0277873662409389,"P","125_P"
"397","g129_lig_mix","129","CCG",0.0270435172723194,"P","129_P"
"398","g148_lig_mix","148","CCG",0.0273811987033589,"P","148_P"
"399","g15_lig_mix","15","CCG",0.00955776059283378,"P","15_P"
"400","g4_lig_mix","4","CCG",0.0133265352766399,"P","4_P"
"401","g41_lig_mix","41","CCG",0.00470858455354579,"P","41_P"
"402","g43_lig_mix","43","CCG",0.00665453849099962,"P","43_P"
"403","g72_lig_mix","72","CCG",0.0254250914499337,"P","72_P"
"404","g74_lig_mix","74","CCG",0.00780846299592352,"P","74_P"
"405","g8_lig_mix","8","CCG",0.0166044590778139,"P","8_P"
"406","g80_lig_mix","80","CCG",0.0187515591651191,"P","80_P"
"407","g81_lig_mix","81","CCG",0.0279823620545823,"P","81_P"
"408","g88_lig_mix","88","CCG",0.0195332125511928,"P","88_P"
"409","g106_lig_mix","106","CAT",0.0203875031635781,"H","106_H"
"410","g117_lig_mix","117","CAT",0.0175267037761396,"H","117_H"
"411","g119_lig_mix","119","CAT",0.0089782959454536,"H","119_H"
"412","g123_lig_mix","123","CAT",0.016644705953625,"H","123_H"
"413","g125_lig_mix","125","CAT",0.000707628581290991,"H","125_H"
"414","g129_lig_mix","129","CAT",0.0078600269179004,"H","129_H"
"415","g148_lig_mix","148","CAT",0.0127077729498586,"H","148_H"
"416","g15_lig_mix","15","CAT",0.0185962302283477,"H","15_H"
"417","g4_lig_mix","4","CAT",8.79059055187327e-05,"H","4_H"
"418","g41_lig_mix","41","CAT",0.007694516221648,"H","41_H"
"419","g43_lig_mix","43","CAT",0.0169954040597472,"H","43_H"
"420","g72_lig_mix","72","CAT",0.00462274389998794,"H","72_H"
"421","g74_lig_mix","74","CAT",0.0187173451225814,"H","74_H"
"422","g8_lig_mix","8","CAT",0.0095511119310844,"H","8_H"
"423","g80_lig_mix","80","CAT",0.0140948526762203,"H","80_H"
"424","g81_lig_mix","81","CAT",0.00448099153855321,"H","81_H"
"425","g88_lig_mix","88","CAT",0.00398885556384453,"H","88_H"
"426","g106_lig_mix","106","CAC",0.0298079356598521,"H","106_H"
"427","g117_lig_mix","117","CAC",0.0174138709192117,"H","117_H"
"428","g119_lig_mix","119","CAC",0.0249830843699578,"H","119_H"
"429","g123_lig_mix","123","CAC",0.0105562875793236,"H","123_H"
"430","g125_lig_mix","125","CAC",0.0181912323092855,"H","125_H"
"431","g129_lig_mix","129","CAC",0.0246029609690444,"H","129_H"
"432","g148_lig_mix","148","CAC",0.0405027932960894,"H","148_H"
"433","g15_lig_mix","15","CAC",0.0188769280431152,"H","15_H"
"434","g4_lig_mix","4","CAC",0.00225039118127956,"H","4_H"
"435","g41_lig_mix","41","CAC",0.00315819695664657,"H","41_H"
"436","g43_lig_mix","43","CAC",0.0228719839142091,"H","43_H"
"437","g72_lig_mix","72","CAC",0.0342284037464324,"H","72_H"
"438","g74_lig_mix","74","CAC",0.0147365600658361,"H","74_H"
"439","g8_lig_mix","8","CAC",0.0216851397187176,"H","8_H"
"440","g80_lig_mix","80","CAC",0.0231172214984616,"H","80_H"
"441","g81_lig_mix","81","CAC",0.0402812537242283,"H","81_H"
"442","g88_lig_mix","88","CAC",0.0244659957675502,"H","88_H"
"443","g106_lig_mix","106","CAA",0.0332245999831276,"Q","106_Q"
"444","g117_lig_mix","117","CAA",0.025274559951858,"Q","117_Q"
"445","g119_lig_mix","119","CAA",0.00772914172695571,"Q","119_Q"
"446","g123_lig_mix","123","CAA",0.0147061050782256,"Q","123_Q"
"447","g125_lig_mix","125","CAA",0.000569554711770797,"Q","125_Q"
"448","g129_lig_mix","129","CAA",0.00554508748317631,"Q","129_Q"
"449","g148_lig_mix","148","CAA",0.0129836540451066,"Q","148_Q"
"450","g15_lig_mix","15","CAA",0.0255435011438436,"Q","15_Q"
"451","g4_lig_mix","4","CAA",0,"Q","4_Q"
"452","g41_lig_mix","41","CAA",0.0150636424538233,"Q","41_Q"
"453","g43_lig_mix","43","CAA",0.0347089237839908,"Q","43_Q"
"454","g72_lig_mix","72","CAA",0.00456244724042288,"Q","72_Q"
"455","g74_lig_mix","74","CAA",0.0230808979732445,"Q","74_Q"
"456","g8_lig_mix","8","CAA",0.013042305891035,"Q","8_Q"
"457","g80_lig_mix","80","CAA",0.0151481553344236,"Q","80_Q"
"458","g81_lig_mix","81","CAA",0.0042188058634251,"Q","81_Q"
"459","g88_lig_mix","88","CAA",0.00275565975975519,"Q","88_Q"
"460","g106_lig_mix","106","CAG",0.0131042434127274,"Q","106_Q"
"461","g117_lig_mix","117","CAG",0.0130384634672283,"Q","117_Q"
"462","g119_lig_mix","119","CAG",0.0140529849581013,"Q","119_Q"
"463","g123_lig_mix","123","CAG",0.00942038862889424,"Q","123_Q"
"464","g125_lig_mix","125","CAG",0.00383154987918536,"Q","125_Q"
"465","g129_lig_mix","129","CAG",0.0110183938986092,"Q","129_Q"
"466","g148_lig_mix","148","CAG",0.0146561831850472,"Q","148_Q"
"467","g15_lig_mix","15","CAG",0.00734024785617044,"Q","15_Q"
"468","g4_lig_mix","4","CAG",0.00170537456706342,"Q","4_Q"
"469","g41_lig_mix","41","CAG",0.00712029859316681,"Q","41_Q"
"470","g43_lig_mix","43","CAG",0.0155950785139793,"Q","43_Q"
"471","g72_lig_mix","72","CAG",0.00584877597781083,"Q","72_Q"
"472","g74_lig_mix","74","CAG",0.0127844443168552,"Q","74_Q"
"473","g8_lig_mix","8","CAG",0.0161787037168443,"Q","8_Q"
"474","g80_lig_mix","80","CAG",0.0140809934307176,"Q","80_Q"
"475","g81_lig_mix","81","CAG",0.00982004528661661,"Q","81_Q"
"476","g88_lig_mix","88","CAG",0.00727737770808276,"Q","88_Q"
"477","g106_lig_mix","106","CGT",0.0132589072298304,"R","106_R"
"478","g117_lig_mix","117","CGT",0.012160874580011,"R","117_R"
"479","g119_lig_mix","119","CGT",0.0166553895799719,"R","119_R"
"480","g123_lig_mix","123","CGT",0.0111923909915641,"R","123_R"
"481","g125_lig_mix","125","CGT",0.00321021746634449,"R","125_R"
"482","g129_lig_mix","129","CGT",0.0156662180349933,"R","129_R"
"483","g148_lig_mix","148","CGT",0.0124146492861577,"R","148_R"
"484","g15_lig_mix","15","CGT",0.0137541929236081,"R","15_R"
"485","g4_lig_mix","4","CGT",0.000685666063046115,"R","4_R"
"486","g41_lig_mix","41","CGT",0.00842185855105752,"R","41_R"
"487","g43_lig_mix","43","CGT",0.0104605515128303,"R","43_R"
"488","g72_lig_mix","72","CGT",0.00520561160911685,"R","72_R"
"489","g74_lig_mix","74","CGT",0.0111002660236168,"R","74_R"
"490","g8_lig_mix","8","CGT",0.0159516341909939,"R","8_R"
"491","g80_lig_mix","80","CGT",0.0146353632508246,"R","80_R"
"492","g81_lig_mix","81","CGT",0.00838994160409963,"R","81_R"
"493","g88_lig_mix","88","CGT",0.00762754441788591,"R","88_R"
"494","g106_lig_mix","106","CGC",0.0133854503529147,"R","106_R"
"495","g117_lig_mix","117","CGC",0.00648162078130485,"R","117_R"
"496","g119_lig_mix","119","CGC",0.0307083745380732,"R","119_R"
"497","g123_lig_mix","123","CGC",0.00708800945067927,"R","123_R"
"498","g125_lig_mix","125","CGC",0.0609596133931653,"R","125_R"
"499","g129_lig_mix","129","CGC",0.0399102736653208,"R","129_R"
"500","g148_lig_mix","148","CGC",0.0333471273880957,"R","148_R"
"501","g15_lig_mix","15","CGC",0.00776129457832171,"R","15_R"
"502","g4_lig_mix","4","CGC",0.00397334692944672,"R","4_R"
"503","g41_lig_mix","41","CGC",0.00357928988419944,"R","41_R"
"504","g43_lig_mix","43","CGC",0.0114300076599004,"R","43_R"
"505","g72_lig_mix","72","CGC",0.0258270691803674,"R","72_R"
"506","g74_lig_mix","74","CGC",0.00754052554018105,"R","74_R"
"507","g8_lig_mix","8","CGC",0.0357066829399827,"R","8_R"
"508","g80_lig_mix","80","CGC",0.0194999584222635,"R","80_R"
"509","g81_lig_mix","81","CGC",0.0435466571326421,"R","81_R"
"510","g88_lig_mix","88","CGC",0.0335398809433187,"R","88_R"
"511","g106_lig_mix","106","CGA",0.00746604426197239,"R","106_R"
"512","g117_lig_mix","117","CGA",0.00836216839677047,"R","117_R"
"513","g119_lig_mix","119","CGA",0.00947275282360902,"R","119_R"
"514","g123_lig_mix","123","CGA",0.0109955018401563,"R","123_R"
"515","g125_lig_mix","125","CGA",0.00360717984121505,"R","125_R"
"516","g129_lig_mix","129","CGA",0.00784208165096456,"R","129_R"
"517","g148_lig_mix","148","CGA",0.0100006897027381,"R","148_R"
"518","g15_lig_mix","15","CGA",0.00729814318395531,"R","15_R"
"519","g4_lig_mix","4","CGA",0.00056259779531989,"R","4_R"
"520","g41_lig_mix","41","CGA",0.00677576801607809,"R","41_R"
"521","g43_lig_mix","43","CGA",0.00970653006510915,"R","43_R"
"522","g72_lig_mix","72","CGA",0.00387908509868553,"R","72_R"
"523","g74_lig_mix","74","CGA",0.00784673977531531,"R","74_R"
"524","g8_lig_mix","8","CGA",0.0141918453656529,"R","8_R"
"525","g80_lig_mix","80","CGA",0.0132632979460598,"R","80_R"
"526","g81_lig_mix","81","CGA",0.00610177571207246,"R","81_R"
"527","g88_lig_mix","88","CGA",0.0052829499261605,"R","88_R"
"528","g106_lig_mix","106","CGG",0.0107983465031917,"R","106_R"
"529","g117_lig_mix","117","CGG",0.00777293014392458,"R","117_R"
"530","g119_lig_mix","119","CGG",0.0332327070212877,"R","119_R"
"531","g123_lig_mix","123","CGG",0.00726975328274797,"R","123_R"
"532","g125_lig_mix","125","CGG",0.0202450811183983,"R","125_R"
"533","g129_lig_mix","129","CGG",0.0309555854643338,"R","129_R"
"534","g148_lig_mix","148","CGG",0.0122939513069867,"R","148_R"
"535","g15_lig_mix","15","CGG",0.00719989894878668,"R","15_R"
"536","g4_lig_mix","4","CGG",0.0170361644895304,"R","4_R"
"537","g41_lig_mix","41","CGG",0.0111015408173031,"R","41_R"
"538","g43_lig_mix","43","CGG",0.0106999234009958,"R","43_R"
"539","g72_lig_mix","72","CGG",0.0192748321742975,"R","72_R"
"540","g74_lig_mix","74","CGG",0.00788501655470709,"R","74_R"
"541","g8_lig_mix","8","CGG",0.0229198302655294,"R","8_R"
"542","g80_lig_mix","80","CGG",0.01922277351221,"R","80_R"
"543","g81_lig_mix","81","CGG",0.0358479323084257,"R","81_R"
"544","g88_lig_mix","88","CGG",0.0237504377083873,"R","88_R"
"545","g106_lig_mix","106","ATT",0.0102640533168359,"I","106_I"
"546","g117_lig_mix","117","ATT",0.0162103204453137,"I","117_I"
"547","g119_lig_mix","119","ATT",0.00119710612606048,"I","119_I"
"548","g123_lig_mix","123","ATT",0.0311236312417647,"I","123_I"
"549","g125_lig_mix","125","ATT",0.000138073869520193,"I","125_I"
"550","g129_lig_mix","129","ATT",0.0164558097801705,"I","129_I"
"551","g148_lig_mix","148","ATT",0.00551762190495896,"I","148_I"
"552","g15_lig_mix","15","ATT",0.0167295897601437,"I","15_I"
"553","g4_lig_mix","4","ATT",0.000175811811037465,"I","4_I"
"554","g41_lig_mix","41","ATT",0.016805435926883,"I","41_I"
"555","g43_lig_mix","43","ATT",0.0118848142474148,"I","43_I"
"556","g72_lig_mix","72","ATT",0.000522571049563854,"I","72_I"
"557","g74_lig_mix","74","ATT",0.0175116265717403,"I","74_I"
"558","g8_lig_mix","8","ATT",0.00471169266139676,"I","8_I"
"559","g80_lig_mix","80","ATT",0.0060564902846689,"I","80_I"
"560","g81_lig_mix","81","ATT",0.00159694911214396,"I","81_I"
"561","g88_lig_mix","88","ATT",0.00181173210724236,"I","88_I"
"562","g106_lig_mix","106","ATC",0.00769100981412221,"I","106_I"
"563","g117_lig_mix","117","ATC",0.010831954265082,"I","117_I"
"564","g119_lig_mix","119","ATC",0.00400770311768074,"I","119_I"
"565","g123_lig_mix","123","ATC",0.0168567404243718,"I","123_I"
"566","g125_lig_mix","125","ATC",0.000552295478080773,"I","125_I"
"567","g129_lig_mix","129","ATC",0.00895468820098699,"I","129_I"
"568","g148_lig_mix","148","ATC",0.00719015104489965,"I","148_I"
"569","g15_lig_mix","15","ATC",0.0118735175646658,"I","15_I"
"570","g4_lig_mix","4","ATC",5.27435433112396e-05,"I","4_I"
"571","g41_lig_mix","41","ATC",0.0077902191597282,"I","41_I"
"572","g43_lig_mix","43","ATC",0.0121840291076216,"I","43_I"
"573","g72_lig_mix","72","ATC",0.00295453631868794,"I","72_I"
"574","g74_lig_mix","74","ATC",0.0167269525942087,"I","74_I"
"575","g8_lig_mix","8","ATC",0.00989171621986007,"I","8_I"
"576","g80_lig_mix","80","ATC",0.0110458186656318,"I","80_I"
"577","g81_lig_mix","81","ATC",0.00588726015969491,"I","81_I"
"578","g88_lig_mix","88","ATC",0.00494800785591401,"I","88_I"
"579","g106_lig_mix","106","ATA",0.00548353533365203,"I","106_I"
"580","g117_lig_mix","117","ATA",0.0176269996489644,"I","117_I"
"581","g119_lig_mix","119","ATA",0.00135325040337272,"I","119_I"
"582","g123_lig_mix","123","ATA",0.0251866660608539,"I","123_I"
"583","g125_lig_mix","125","ATA",0.000120814635830169,"I","125_I"
"584","g129_lig_mix","129","ATA",0.00231493943472409,"I","129_I"
"585","g148_lig_mix","148","ATA",0.00368990964894131,"I","148_I"
"586","g15_lig_mix","15","ATA",0.00639991017669927,"I","15_I"
"587","g4_lig_mix","4","ATA",5.27435433112396e-05,"I","4_I"
"588","g41_lig_mix","41","ATA",0.0352761029763614,"I","41_I"
"589","g43_lig_mix","43","ATA",0.0174382420528533,"I","43_I"
"590","g72_lig_mix","72","ATA",0.000462274389998794,"I","72_I"
"591","g74_lig_mix","74","ATA",0.0181623318214005,"I","74_I"
"592","g8_lig_mix","8","ATA",0.00652824886820033,"I","8_I"
"593","g80_lig_mix","80","ATA",0.00672173406879729,"I","80_I"
"594","g81_lig_mix","81","ATA",0.000429031104755095,"I","81_I"
"595","g88_lig_mix","88","ATA",0.000654659500936315,"I","88_I"
"596","g106_lig_mix","106","ATG",0.0112904586485194,"M","106_M"
"597","g117_lig_mix","117","ATG",0.015044380923725,"M","117_M"
"598","g119_lig_mix","119","ATG",0.00356529433196273,"M","119_M"
"599","g123_lig_mix","123","ATG",0.0172505187271874,"M","123_M"
"600","g125_lig_mix","125","ATG",0.000880220918191232,"M","125_M"
"601","g129_lig_mix","129","ATG",0.00724988784208165,"M","129_M"
"602","g148_lig_mix","148","ATG",0.00672460169666874,"M","148_M"
"603","g15_lig_mix","15","ATG",0.00922092321511277,"M","15_M"
"604","g4_lig_mix","4","ATG",0.000826315511876088,"M","4_M"
"605","g41_lig_mix","41","ATG",0.0219925351708297,"M","41_M"
"606","g43_lig_mix","43","ATG",0.0152479892761394,"M","43_M"
"607","g72_lig_mix","72","ATG",0.00251236081521084,"M","72_M"
"608","g74_lig_mix","74","ATG",0.0180283630935293,"M","74_M"
"609","g8_lig_mix","8","ATG",0.0132977591076168,"M","8_M"
"610","g80_lig_mix","80","ATG",0.0104775896000222,"M","80_M"
"611","g81_lig_mix","81","ATG",0.00381360982004529,"M","81_M"
"612","g88_lig_mix","88","ATG",0.00307537719044502,"M","88_M"
"613","g106_lig_mix","106","ACT",0.0137791400691769,"T","106_T"
"614","g117_lig_mix","117","ACT",0.0138909783862394,"T","117_T"
"615","g119_lig_mix","119","ACT",0.00536095352105345,"T","119_T"
"616","g123_lig_mix","123","ACT",0.0133430263377103,"T","123_T"
"617","g125_lig_mix","125","ACT",0.000517777010700725,"T","125_T"
"618","g129_lig_mix","129","ACT",0.00918797667115298,"T","129_T"
"619","g148_lig_mix","148","ACT",0.00829367542589144,"T","148_T"
"620","g15_lig_mix","15","ACT",0.0209681267631332,"T","15_T"
"621","g4_lig_mix","4","ACT",0.0129573304734612,"T","4_T"
"622","g41_lig_mix","41","ACT",0.0102019331993492,"T","41_T"
"623","g43_lig_mix","43","ACT",0.0127824588280352,"T","43_T"
"624","g72_lig_mix","72","ACT",0.00277364633999276,"T","72_T"
"625","g74_lig_mix","74","ACT",0.017913532755354,"T","74_T"
"626","g8_lig_mix","8","ACT",0.00894086258036132,"T","8_T"
"627","g80_lig_mix","80","ACT",0.0157163844000333,"T","80_T"
"628","g81_lig_mix","81","ACT",0.00324156834703849,"T","81_T"
"629","g88_lig_mix","88","ACT",0.00319717430689828,"T","88_T"
"630","g106_lig_mix","106","ACC",0.0211327015550744,"T","106_T"
"631","g117_lig_mix","117","ACC",0.0134897948949401,"T","117_T"
"632","g119_lig_mix","119","ACC",0.0177483995211575,"T","119_T"
"633","g123_lig_mix","123","ACC",0.0087085586199585,"T","123_T"
"634","g125_lig_mix","125","ACC",0.00942354159475319,"T","125_T"
"635","g129_lig_mix","129","ACC",0.0207985643786451,"T","129_T"
"636","g148_lig_mix","148","ACC",0.0245016897717084,"T","148_T"
"637","g15_lig_mix","15","ACC",0.0242663260866514,"T","15_T"
"638","g4_lig_mix","4","ACC",0.00564355913430264,"T","4_T"
"639","g41_lig_mix","41","ACC",0.00463202220308163,"T","41_T"
"640","g43_lig_mix","43","ACC",0.017162964381463,"T","43_T"
"641","g72_lig_mix","72","ACC",0.0199179965429915,"T","72_T"
"642","g74_lig_mix","74","ACC",0.0137796405810415,"T","74_T"
"643","g8_lig_mix","8","ACC",0.0214580701928672,"T","8_T"
"644","g80_lig_mix","80","ACC",0.0235052803725365,"T","80_T"
"645","g81_lig_mix","81","ACC",0.0317244666905017,"T","81_T"
"646","g88_lig_mix","88","ACC",0.0214210678562185,"T","88_T"
"647","g106_lig_mix","106","ACA",0.0284300216529344,"T","106_T"
"648","g117_lig_mix","117","ACA",0.0306529261320897,"T","117_T"
"649","g119_lig_mix","119","ACA",0.0059855306303024,"T","119_T"
"650","g123_lig_mix","123","ACA",0.0120708195132294,"T","123_T"
"651","g125_lig_mix","125","ACA",0.000431480842250604,"T","125_T"
"652","g129_lig_mix","129","ACA",0.00574248541947061,"T","129_T"
"653","g148_lig_mix","148","ACA",0.010466239050969,"T","148_T"
"654","g15_lig_mix","15","ACA",0.0257259547234425,"T","15_T"
"655","g4_lig_mix","4","ACA",0.000228555354348705,"T","4_T"
"656","g41_lig_mix","41","ACA",0.0173413723801321,"T","41_T"
"657","g43_lig_mix","43","ACA",0.0341104940635772,"T","43_T"
"658","g72_lig_mix","72","ACA",0.00229127306347228,"T","72_T"
"659","g74_lig_mix","74","ACA",0.0278080802281296,"T","74_T"
"660","g8_lig_mix","8","ACA",0.0152988093041738,"T","8_T"
"661","g80_lig_mix","80","ACA",0.0168112647947446,"T","80_T"
"662","g81_lig_mix","81","ACA",0.00345608389941604,"T","81_T"
"663","g88_lig_mix","88","ACA",0.00237504377083873,"T","88_T"
"664","g106_lig_mix","106","ACG",0.00888613930991817,"T","106_T"
"665","g117_lig_mix","117","ACG",0.00992929140965849,"T","117_T"
"666","g119_lig_mix","119","ACG",0.00926456045385937,"T","119_T"
"667","g123_lig_mix","123","ACG",0.00875399457797568,"T","123_T"
"668","g125_lig_mix","125","ACG",0.00179496030376251,"T","125_T"
"669","g129_lig_mix","129","ACG",0.008488111260655,"T","129_T"
"670","g148_lig_mix","148","ACG",0.00736257672942962,"T","148_T"
"671","g15_lig_mix","15","ACG",0.00812620173751947,"T","15_T"
"672","g4_lig_mix","4","ACG",0.00439529527593664,"T","4_T"
"673","g41_lig_mix","41","ACG",0.0210737869652598,"T","41_T"
"674","g43_lig_mix","43","ACG",0.010400708540789,"T","43_T"
"675","g72_lig_mix","72","ACG",0.00464284278650963,"T","72_T"
"676","g74_lig_mix","74","ACG",0.0114256186484469,"T","74_T"
"677","g8_lig_mix","8","ACG",0.0155826462114869,"T","8_T"
"678","g80_lig_mix","80","ACG",0.0143997560772792,"T","80_T"
"679","g81_lig_mix","81","ACG",0.00891431295435586,"T","81_T"
"680","g88_lig_mix","88","ACG",0.00695766027739293,"T","88_T"
"681","g106_lig_mix","106","AAT",0.012316863980203,"N","106_N"
"682","g117_lig_mix","117","AAT",0.0231683466225365,"N","117_N"
"683","g119_lig_mix","119","AAT",0.0021339717899339,"N","119_N"
"684","g123_lig_mix","123","AAT",0.0230663213533857,"N","123_N"
"685","g125_lig_mix","125","AAT",0.000138073869520193,"N","125_N"
"686","g129_lig_mix","129","AAT",0.00245850157021086,"N","129_N"
"687","g148_lig_mix","148","AAT",0.00444858266087316,"N","148_N"
"688","g15_lig_mix","15","AAT",0.0163927523824227,"N","15_N"
"689","g4_lig_mix","4","AAT",0.000123068267726226,"N","4_N"
"690","g41_lig_mix","41","AAT",0.0286917408364437,"N","41_N"
"691","g43_lig_mix","43","AAT",0.0180725775564918,"N","43_N"
"692","g72_lig_mix","72","AAT",0.00024118663826024,"N","72_N"
"693","g74_lig_mix","74","AAT",0.0234636657671624,"N","74_N"
"694","g8_lig_mix","8","AAT",0.00618764457942466,"N","8_N"
"695","g80_lig_mix","80","AAT",0.00850957673864235,"N","80_N"
"696","g81_lig_mix","81","AAT",0.000643546657132642,"N","81_N"
"697","g88_lig_mix","88","AAT",0.000928703012956168,"N","88_N"
"698","g106_lig_mix","106","AAC",0.0262225471724642,"N","106_N"
"699","g117_lig_mix","117","AAC",0.025763502331879,"N","117_N"
"700","g119_lig_mix","119","AAC",0.00606360276895852,"N","119_N"
"701","g123_lig_mix","123","AAC",0.0140094203886289,"N","123_N"
"702","g125_lig_mix","125","AAC",0.000604073179150846,"N","125_N"
"703","g129_lig_mix","129","AAC",0.00462987886944818,"N","129_N"
"704","g148_lig_mix","148","AAC",0.0090695910062763,"N","148_N"
"705","g15_lig_mix","15","AAC",0.0245189541199422,"N","15_N"
"706","g4_lig_mix","4","AAC",8.79059055187327e-05,"N","4_N"
"707","g41_lig_mix","41","AAC",0.0123073978371136,"N","41_N"
"708","g43_lig_mix","43","AAC",0.0291076216009192,"N","43_N"
"709","g72_lig_mix","72","AAC",0.00225107529042891,"N","72_N"
"710","g74_lig_mix","74","AAC",0.0223536391648007,"N","74_N"
"711","g8_lig_mix","8","AAC",0.0147737110256447,"N","8_N"
"712","g80_lig_mix","80","AAC",0.0151620145799263,"N","80_N"
"713","g81_lig_mix","81","AAC",0.00595876534382076,"N","81_N"
"714","g88_lig_mix","88","AAC",0.00554176879862369,"N","88_N"
"715","g106_lig_mix","106","AAA",0.0226512190320857,"K","106_K"
"716","g117_lig_mix","117","AAA",0.0415475653176872,"K","117_K"
"717","g119_lig_mix","119","AAA",0.00202987560505907,"K","119_K"
"718","g123_lig_mix","123","AAA",0.0221121662350251,"K","123_K"
"719","g125_lig_mix","125","AAA",5.17777010700725e-05,"K","125_K"
"720","g129_lig_mix","129","AAA",0.00105877074921489,"K","129_K"
"721","g148_lig_mix","148","AAA",0.00329333057452238,"K","148_K"
"722","g15_lig_mix","15","AAA",0.0194242887819118,"K","15_K"
"723","g4_lig_mix","4","AAA",0,"K","4_K"
"724","g41_lig_mix","41","AAA",0.0660924490381855,"K","41_K"
"725","g43_lig_mix","43","AAA",0.0450497893527384,"K","43_K"
"726","g72_lig_mix","72","AAA",0.000381878843912047,"K","72_K"
"727","g74_lig_mix","74","AAA",0.0276358347208666,"K","74_K"
"728","g8_lig_mix","8","AAA",0.0133119509529824,"K","8_K"
"729","g80_lig_mix","80","AAA",0.00960445713335366,"K","80_K"
"730","g81_lig_mix","81","AAA",0.000214515552377547,"K","81_K"
"731","g88_lig_mix","88","AAA",0.000380615988916462,"K","88_K"
"732","g106_lig_mix","106","AAG",0.00970163943646129,"K","106_K"
"733","g117_lig_mix","117","AAG",0.0171380572689434,"K","117_K"
"734","g119_lig_mix","119","AAG",0.00510071305886639,"K","119_K"
"735","g123_lig_mix","123","AAG",0.0126463416481136,"K","123_K"
"736","g125_lig_mix","125","AAG",0.000707628581290991,"K","125_K"
"737","g129_lig_mix","129","AAG",0.00348138178555406,"K","129_K"
"738","g148_lig_mix","148","AAG",0.00500034485136906,"K","148_K"
"739","g15_lig_mix","15","AAG",0.00512273511950709,"K","15_K"
"740","g4_lig_mix","4","AAG",0.000668084881942369,"K","4_K"
"741","g41_lig_mix","41","AAG",0.0198870705330654,"K","41_K"
"742","g43_lig_mix","43","AAG",0.0164089429337419,"K","43_K"
"743","g72_lig_mix","72","AAG",0.00207018531173373,"K","72_K"
"744","g74_lig_mix","74","AAG",0.0124782300817209,"K","74_K"
"745","g8_lig_mix","8","AAG",0.0120772604061706,"K","8_K"
"746","g80_lig_mix","80","AAG",0.00992321977991518,"K","80_K"
"747","g81_lig_mix","81","AAG",0.00412346561792397,"K","81_K"
"748","g88_lig_mix","88","AAG",0.00275565975975519,"K","88_K"
"749","g106_lig_mix","106","AGT",0.0138353814572144,"S","106_S"
"750","g117_lig_mix","117","AGT",0.013966200290858,"S","117_S"
"751","g119_lig_mix","119","AGT",0.00650601155467652,"S","119_S"
"752","g123_lig_mix","123","AGT",0.0159328759446893,"S","123_S"
"753","g125_lig_mix","125","AGT",0.000742147048671039,"S","125_S"
"754","g129_lig_mix","129","AGT",0.00978017048003589,"S","129_S"
"755","g148_lig_mix","148","AGT",0.00594868611628388,"S","148_S"
"756","g15_lig_mix","15","AGT",0.018497985993179,"S","15_S"
"757","g4_lig_mix","4","AGT",0.00159988748044094,"S","4_S"
"758","g41_lig_mix","41","AGT",0.0154847353813762,"S","41_S"
"759","g43_lig_mix","43","AGT",0.0122797778628878,"S","43_S"
"760","g72_lig_mix","72","AGT",0.00279374522651445,"S","72_S"
"761","g74_lig_mix","74","AGT",0.0148322520143155,"S","74_S"
"762","g8_lig_mix","8","AGT",0.011977917488611,"S","8_S"
"763","g80_lig_mix","80","AGT",0.0110042409291238,"S","80_S"
"764","g81_lig_mix","81","AGT",0.00386127994279585,"S","81_S"
"765","g88_lig_mix","88","AGT",0.00382138452872128,"S","88_S"
"766","g106_lig_mix","106","AGC",0.0140744073563736,"S","106_S"
"767","g117_lig_mix","117","AGC",0.00959079283887468,"S","117_S"
"768","g119_lig_mix","119","AGC",0.0100713058866393,"S","119_S"
"769","g123_lig_mix","123","AGC",0.00937495267087706,"S","123_S"
"770","g125_lig_mix","125","AGC",0.00445288229202623,"S","125_S"
"771","g129_lig_mix","129","AGC",0.0122925078510543,"S","129_S"
"772","g148_lig_mix","148","AGC",0.00979377888130216,"S","148_S"
"773","g15_lig_mix","15","AGC",0.00645604973965278,"S","15_S"
"774","g4_lig_mix","4","AGC",0.000597760157527383,"S","4_S"
"775","g41_lig_mix","41","AGC",0.00710115800555077,"S","41_S"
"776","g43_lig_mix","43","AGC",0.016193508234393,"S","43_S"
"777","g72_lig_mix","72","AGC",0.0070949069421554,"S","72_S"
"778","g74_lig_mix","74","AGC",0.0117126944938853,"S","74_S"
"779","g8_lig_mix","8","AGC",0.0201524204192271,"S","8_S"
"780","g80_lig_mix","80","AGC",0.0151481553344236,"S","80_S"
"781","g81_lig_mix","81","AGC",0.0152306042188059,"S","81_S"
"782","g88_lig_mix","88","AGC",0.01234718268045,"S","88_S"
"783","g106_lig_mix","106","AGA",0.0062427940721577,"R","106_R"
"784","g117_lig_mix","117","AGA",0.0147560302893536,"R","117_R"
"785","g119_lig_mix","119","AGA",0.00327902982355697,"R","119_R"
"786","g123_lig_mix","123","AGA",0.0148878489102943,"R","123_R"
"787","g125_lig_mix","125","AGA",0.000586813945460822,"R","125_R"
"788","g129_lig_mix","129","AGA",0.00349932705248991,"R","129_R"
"789","g148_lig_mix","148","AGA",0.00367266708048831,"R","148_R"
"790","g15_lig_mix","15","AGA",0.00571220053051887,"R","15_R"
"791","g4_lig_mix","4","AGA",0.000281298897659945,"R","4_R"
"792","g41_lig_mix","41","AGA",0.0196765240692889,"R","41_R"
"793","g43_lig_mix","43","AGA",0.0170432784373803,"R","43_R"
"794","g72_lig_mix","72","AGA",0.0024118663826024,"R","72_R"
"795","g74_lig_mix","74","AGA",0.0100859313697346,"R","74_R"
"796","g8_lig_mix","8","AGA",0.0107574187871649,"R","8_R"
"797","g80_lig_mix","80","AGA",0.00949358316933226,"R","80_R"
"798","g81_lig_mix","81","AGA",0.00197831009414849,"R","81_R"
"799","g88_lig_mix","88","AGA",0.00261863800374526,"R","88_R"
"800","g106_lig_mix","106","AGG",0.0131183037597368,"R","106_R"
"801","g117_lig_mix","117","AGG",0.00867559299934808,"R","117_R"
"802","g119_lig_mix","119","AGG",0.0175662311976266,"R","119_R"
"803","g123_lig_mix","123","AGG",0.00917806351946931,"R","123_R"
"804","g125_lig_mix","125","AGG",0.0140835346910597,"R","125_R"
"805","g129_lig_mix","129","AGG",0.0188245850157021,"R","129_R"
"806","g148_lig_mix","148","AGG",0.00484516173529209,"R","148_R"
"807","g15_lig_mix","15","AGG",0.00654025908408303,"R","15_R"
"808","g4_lig_mix","4","AGG",0.0187239578754901,"R","4_R"
"809","g41_lig_mix","41","AGG",0.0178773088333812,"R","41_R"
"810","g43_lig_mix","43","AGG",0.0132252968211413,"R","43_R"
"811","g72_lig_mix","72","AGG",0.0195562165856012,"R","72_R"
"812","g74_lig_mix","74","AGG",0.00968402518612084,"R","74_R"
"813","g8_lig_mix","8","AGG",0.0216567560279863,"R","8_R"
"814","g80_lig_mix","80","AGG",0.01704687196829,"R","80_R"
"815","g81_lig_mix","81","AGG",0.0332975807412704,"R","81_R"
"816","g88_lig_mix","88","AGG",0.0143416104623723,"R","88_R"
"817","g106_lig_mix","106","GTT",0.0277129439554568,"V","106_V"
"818","g117_lig_mix","117","GTT",0.0288350634371396,"V","117_V"
"819","g119_lig_mix","119","GTT",0.0064019153698017,"V","119_V"
"820","g123_lig_mix","123","GTT",0.0247171611613431,"V","123_V"
"821","g125_lig_mix","125","GTT",0.00122540559199172,"V","125_V"
"822","g129_lig_mix","129","GTT",0.0135127860026918,"V","129_V"
"823","g148_lig_mix","148","GTT",0.0208807503965791,"V","148_V"
"824","g15_lig_mix","15","GTT",0.0227505578869069,"V","15_V"
"825","g4_lig_mix","4","GTT",0.000334042440971184,"V","4_V"
"826","g41_lig_mix","41","GTT",0.0198296487702172,"V","41_V"
"827","g43_lig_mix","43","GTT",0.0147213711221754,"V","43_V"
"828","g72_lig_mix","72","GTT",0.0156771314869156,"V","72_V"
"829","g74_lig_mix","74","GTT",0.0185450996153184,"V","74_V"
"830","g8_lig_mix","8","GTT",0.0132835672622511,"V","8_V"
"831","g80_lig_mix","80","GTT",0.0134850458741026,"V","80_V"
"832","g81_lig_mix","81","GTT",0.00250268144440472,"V","81_V"
"833","g88_lig_mix","88","GTT",0.0102614070611878,"V","88_V"
"834","g106_lig_mix","106","GTC",0.0107561654621636,"V","106_V"
"835","g117_lig_mix","117","GTC",0.0108444912491851,"V","117_V"
"836","g119_lig_mix","119","GTC",0.00877010357570395,"V","119_V"
"837","g123_lig_mix","123","GTC",0.019749496418132,"V","123_V"
"838","g125_lig_mix","125","GTC",0.00452191922678633,"V","125_V"
"839","g129_lig_mix","129","GTC",0.015468820098699,"V","129_V"
"840","g148_lig_mix","148","GTC",0.0185012759500655,"V","148_V"
"841","g15_lig_mix","15","GTC",0.00687709646180404,"V","15_V"
"842","g4_lig_mix","4","GTC",0.00056259779531989,"V","4_V"
"843","g41_lig_mix","41","GTC",0.00792420327304048,"V","41_V"
"844","g43_lig_mix","43","GTC",0.00950306396016852,"V","43_V"
"845","g72_lig_mix","72","GTC",0.013024078466053,"V","72_V"
"846","g74_lig_mix","74","GTC",0.0119040783908442,"V","74_V"
"847","g8_lig_mix","8","GTC",0.0137944736954146,"V","8_V"
"848","g80_lig_mix","80","GTC",0.0132078609640491,"V","80_V"
"849","g81_lig_mix","81","GTC",0.00324156834703849,"V","81_V"
"850","g88_lig_mix","88","GTC",0.0156661541038016,"V","88_V"
"851","g106_lig_mix","106","GTA",0.0111498551784258,"V","106_V"
"852","g117_lig_mix","117","GTA",0.0155960082242616,"V","117_V"
"853","g119_lig_mix","119","GTA",0.00460625618071098,"V","119_V"
"854","g123_lig_mix","123","GTA",0.0219001317642782,"V","123_V"
"855","g125_lig_mix","125","GTA",0.000914739385571281,"V","125_V"
"856","g129_lig_mix","129","GTA",0.00567070435172723,"V","129_V"
"857","g148_lig_mix","148","GTA",0.0133285054141665,"V","148_V"
"858","g15_lig_mix","15","GTA",0.00864549269483937,"V","15_V"
"859","g4_lig_mix","4","GTA",0.000545016614216143,"V","4_V"
"860","g41_lig_mix","41","GTA",0.0180112929466935,"V","41_V"
"861","g43_lig_mix","43","GTA",0.0130218307162007,"V","43_V"
"862","g72_lig_mix","72","GTA",0.00542669936085541,"V","72_V"
"863","g74_lig_mix","74","GTA",0.0151193278597539,"V","74_V"
"864","g8_lig_mix","8","GTA",0.0129997303549381,"V","8_V"
"865","g80_lig_mix","80","GTA",0.0119050918867977,"V","80_V"
"866","g81_lig_mix","81","GTA",0.0011202478846383,"V","81_V"
"867","g88_lig_mix","88","GTA",0.00563311663596364,"V","88_V"
"868","g106_lig_mix","106","GTG",0.0276145215263913,"V","106_V"
"869","g117_lig_mix","117","GTG",0.0228925329722682,"V","117_V"
"870","g119_lig_mix","119","GTG",0.0226929683027117,"V","119_V"
"871","g123_lig_mix","123","GTG",0.0154785163645175,"V","123_V"
"872","g125_lig_mix","125","GTG",0.0197273041076976,"V","125_V"
"873","g129_lig_mix","129","GTG",0.0202602063705698,"V","129_V"
"874","g148_lig_mix","148","GTG",0.0220704876198358,"V","148_V"
"875","g15_lig_mix","15","GTG",0.0144559374605269,"V","15_V"
"876","g4_lig_mix","4","GTG",0.0226797236238331,"V","4_V"
"877","g41_lig_mix","41","GTG",0.0358120394296105,"V","41_V"
"878","g43_lig_mix","43","GTG",0.0181443891229414,"V","43_V"
"879","g72_lig_mix","72","GTG",0.0277565622864493,"V","72_V"
"880","g74_lig_mix","74","GTG",0.0195977110485924,"V","74_V"
"881","g8_lig_mix","8","GTG",0.0271915757205909,"V","8_V"
"882","g80_lig_mix","80","GTG",0.0238379022646007,"V","80_V"
"883","g81_lig_mix","81","GTG",0.00986771540936718,"V","81_V"
"884","g88_lig_mix","88","GTG",0.0274956990393252,"V","88_V"
"885","g106_lig_mix","106","GCT",0.0210202187789995,"A","106_A"
"886","g117_lig_mix","117","GCT",0.0184293666315631,"A","117_A"
"887","g119_lig_mix","119","GCT",0.0161609327018165,"A","119_A"
"888","g123_lig_mix","123","GCT",0.0104199797052721,"A","123_A"
"889","g125_lig_mix","125","GCT",0.00284777355885399,"A","125_A"
"890","g129_lig_mix","129","GCT",0.0167070435172723,"A","129_A"
"891","g148_lig_mix","148","GCT",0.0218635767983999,"A","148_A"
"892","g15_lig_mix","15","GCT",0.0116770290943285,"A","15_A"
"893","g4_lig_mix","4","GCT",0.00428980818931416,"A","4_A"
"894","g41_lig_mix","41","GCT",0.0109866972916069,"A","41_A"
"895","g43_lig_mix","43","GCT",0.0135723860589812,"A","43_A"
"896","g72_lig_mix","72","GCT",0.0124211118704024,"A","72_A"
"897","g74_lig_mix","74","GCT",0.0179900863141375,"A","74_A"
"898","g8_lig_mix","8","GCT",0.0153271929949051,"A","8_A"
"899","g80_lig_mix","80","GCT",0.0321118718296976,"A","80_A"
"900","g81_lig_mix","81","GCT",0.00400429031104755,"A","81_A"
"901","g88_lig_mix","88","GCT",0.015559581626905,"A","88_A"
"902","g106_lig_mix","106","GCC",0.0205421669806811,"A","106_A"
"903","g117_lig_mix","117","GCC",0.00937766410912191,"A","117_A"
"904","g119_lig_mix","119","GCC",0.0283141622859522,"A","119_A"
"905","g123_lig_mix","123","GCC",0.00789071137564936,"A","123_A"
"906","g125_lig_mix","125","GCC",0.0476700034518467,"A","125_A"
"907","g129_lig_mix","129","GCC",0.0480753701211305,"A","129_A"
"908","g148_lig_mix","148","GCC",0.0331229739982068,"A","148_A"
"909","g15_lig_mix","15","GCC",0.00992266775203155,"A","15_A"
"910","g4_lig_mix","4","GCC",0.00462385063028534,"A","4_A"
"911","g41_lig_mix","41","GCC",0.00463202220308163,"A","41_A"
"912","g43_lig_mix","43","GCC",0.0118608770585982,"A","43_A"
"913","g72_lig_mix","72","GCC",0.0464284278650963,"A","72_A"
"914","g74_lig_mix","74","GCC",0.0110237124648332,"A","74_A"
"915","g8_lig_mix","8","GCC",0.0222670053787094,"A","8_A"
"916","g80_lig_mix","80","GCC",0.0234359841450231,"A","80_A"
"917","g81_lig_mix","81","GCC",0.0248599690144202,"A","81_A"
"918","g88_lig_mix","88","GCC",0.0628168628107729,"A","88_A"
"919","g106_lig_mix","106","GCA",0.0233120553415258,"A","106_A"
"920","g117_lig_mix","117","GCA",0.0186424953613159,"A","117_A"
"921","g119_lig_mix","119","GCA",0.013896840680789,"A","119_A"
"922","g123_lig_mix","123","GCA",0.0105411422599846,"A","123_A"
"923","g125_lig_mix","125","GCA",0.00343458750431481,"A","125_A"
"924","g129_lig_mix","129","GCA",0.0146433378196501,"A","129_A"
"925","g148_lig_mix","148","GCA",0.015983860955928,"A","148_A"
"926","g15_lig_mix","15","GCA",0.0117191337665436,"A","15_A"
"927","g4_lig_mix","4","GCA",0.00309428787425939,"A","4_A"
"928","g41_lig_mix","41","GCA",0.0100296679108049,"A","41_A"
"929","g43_lig_mix","43","GCA",0.0190899080811949,"A","43_A"
"930","g72_lig_mix","72","GCA",0.0123407163243156,"A","72_A"
"931","g74_lig_mix","74","GCA",0.0214924116284856,"A","74_A"
"932","g8_lig_mix","8","GCA",0.0210748903679946,"A","8_A"
"933","g80_lig_mix","80","GCA",0.0182664855725254,"A","80_A"
"934","g81_lig_mix","81","GCA",0.00429031104755095,"A","81_A"
"935","g88_lig_mix","88","GCA",0.0159554222553781,"A","88_A"
"936","g106_lig_mix","106","GCG",0.018067545907033,"A","106_A"
"937","g117_lig_mix","117","GCG",0.00984153252093676,"A","117_A"
"938","g119_lig_mix","119","GCG",0.0402331754541196,"A","119_A"
"939","g123_lig_mix","123","GCG",0.00745149711481667,"A","123_A"
"940","g125_lig_mix","125","GCG",0.0363134276838108,"A","125_A"
"941","g129_lig_mix","129","GCG",0.0336294302377748,"A","129_A"
"942","g148_lig_mix","148","GCG",0.0191564935512794,"A","148_A"
"943","g15_lig_mix","15","GCG",0.00915074876142089,"A","15_A"
"944","g4_lig_mix","4","GCG",0.0535346964609082,"A","4_A"
"945","g41_lig_mix","41","GCG",0.0153507512680639,"A","41_A"
"946","g43_lig_mix","43","GCG",0.0114180390654921,"A","43_A"
"947","g72_lig_mix","72","GCG",0.0333440527394782,"A","72_A"
"948","g74_lig_mix","74","GCG",0.0121337390671949,"A","74_A"
"949","g8_lig_mix","8","GCG",0.0268509714318153,"A","8_A"
"950","g80_lig_mix","80","GCG",0.0285084679990021,"A","80_A"
"951","g81_lig_mix","81","GCG",0.0171135740674532,"A","81_A"
"952","g88_lig_mix","88","GCG",0.0443645996681029,"A","88_A"
"953","g106_lig_mix","106","GAT",0.0143274936025421,"D","106_D"
"954","g117_lig_mix","117","GAT",0.0290356551827892,"D","117_D"
"955","g119_lig_mix","119","GAT",0.00739082912611253,"D","119_D"
"956","g123_lig_mix","123","GAT",0.0172656640465264,"D","123_D"
"957","g125_lig_mix","125","GAT",0.00151881256472213,"D","125_D"
"958","g129_lig_mix","129","GAT",0.00479138627187079,"D","129_D"
"959","g148_lig_mix","148","GAT",0.0127595006552176,"D","148_D"
"960","g15_lig_mix","15","GAT",0.0110454590111016,"D","15_D"
"961","g4_lig_mix","4","GAT",0.00050985425200865,"D","4_D"
"962","g41_lig_mix","41","GAT",0.0114843525696239,"D","41_D"
"963","g43_lig_mix","43","GAT",0.0129978935273841,"D","43_D"
"964","g72_lig_mix","72","GAT",0.00416046950998915,"D","72_D"
"965","g74_lig_mix","74","GAT",0.0186407915637978,"D","74_D"
"966","g8_lig_mix","8","GAT",0.0123043299320211,"D","8_D"
"967","g80_lig_mix","80","GAT",0.013637497574632,"D","80_D"
"968","g81_lig_mix","81","GAT",0.00109641282326302,"D","81_D"
"969","g88_lig_mix","88","GAT",0.00540474704261377,"D","88_D"
"970","g106_lig_mix","106","GAC",0.0136104159050645,"D","106_D"
"971","g117_lig_mix","117","GAC",0.0156837671129833,"D","117_D"
"972","g119_lig_mix","119","GAC",0.00962889710092125,"D","119_D"
"973","g123_lig_mix","123","GAC",0.0121768367486028,"D","123_D"
"974","g125_lig_mix","125","GAC",0.0126855367621678,"D","125_D"
"975","g129_lig_mix","129","GAC",0.0117182593091072,"D","129_D"
"976","g148_lig_mix","148","GAC",0.0132940202772605,"D","148_D"
"977","g15_lig_mix","15","GAC",0.00767708523389145,"D","15_D"
"978","g4_lig_mix","4","GAC",0.000738409606357355,"D","4_D"
"979","g41_lig_mix","41","GAC",0.00537850512010719,"D","41_D"
"980","g43_lig_mix","43","GAC",0.0116933167368824,"D","43_D"
"981","g72_lig_mix","72","GAC",0.0100293443743217,"D","72_D"
"982","g74_lig_mix","74","GAC",0.0137605021913456,"D","74_D"
"983","g8_lig_mix","8","GAC",0.0161361281807473,"D","8_D"
"984","g80_lig_mix","80","GAC",0.0151758738254289,"D","80_D"
"985","g81_lig_mix","81","GAC",0.00552973423906567,"D","81_D"
"986","g88_lig_mix","88","GAC",0.0162599150465113,"D","88_D"
"987","g106_lig_mix","106","GAA",0.0136385365990833,"E","106_E"
"988","g117_lig_mix","117","GAA",0.0222029988465975,"E","117_E"
"989","g119_lig_mix","119","GAA",0.0055691458908031,"E","119_E"
"990","g123_lig_mix","123","GAA",0.0173868266012389,"E","123_E"
"991","g125_lig_mix","125","GAA",0.00138073869520193,"E","125_E"
"992","g129_lig_mix","129","GAA",0.00297891431135038,"E","129_E"
"993","g148_lig_mix","148","GAA",0.00836264569970343,"E","148_E"
"994","g15_lig_mix","15","GAA",0.0063297357230074,"E","15_E"
"995","g4_lig_mix","4","GAA",0.000246136535452452,"E","4_E"
"996","g41_lig_mix","41","GAA",0.0232940951287205,"E","41_E"
"997","g43_lig_mix","43","GAA",0.01676800076599,"E","43_E"
"998","g72_lig_mix","72","GAA",0.00393938175825059,"E","72_E"
"999","g74_lig_mix","74","GAA",0.0171671355572142,"E","74_E"
"1000","g8_lig_mix","8","GAA",0.011367668137888,"E","8_E"
"1001","g80_lig_mix","80","GAA",0.0105884635640436,"E","80_E"
"1002","g81_lig_mix","81","GAA",0.000977237516386605,"E","81_E"
"1003","g88_lig_mix","88","GAA",0.00427812371542104,"E","88_E"
"1004","g106_lig_mix","106","GAG",0.0133854503529147,"E","106_E"
"1005","g117_lig_mix","117","GAG",0.0131638333082594,"E","117_E"
"1006","g119_lig_mix","119","GAG",0.0251652526934888,"E","119_E"
"1007","g123_lig_mix","123","GAG",0.0106774501340361,"E","123_E"
"1008","g125_lig_mix","125","GAG",0.0273558853986883,"E","125_E"
"1009","g129_lig_mix","129","GAG",0.0126514131897712,"E","129_E"
"1010","g148_lig_mix","148","GAG",0.0134836885302435,"E","148_E"
"1011","g15_lig_mix","15","GAG",0.00742445720060069,"E","15_E"
"1012","g4_lig_mix","4","GAG",0.0204293324425535,"E","4_E"
"1013","g41_lig_mix","41","GAG",0.0113503684563116,"E","41_E"
"1014","g43_lig_mix","43","GAG",0.0125550555342781,"E","43_E"
"1015","g72_lig_mix","72","GAG",0.0187120633516903,"E","72_E"
"1016","g74_lig_mix","74","GAG",0.0123825381332415,"E","74_E"
"1017","g8_lig_mix","8","GAG",0.0209613556050693,"E","8_E"
"1018","g80_lig_mix","80","GAG",0.0204562463619481,"E","80_E"
"1019","g81_lig_mix","81","GAG",0.00803241568347039,"E","81_E"
"1020","g88_lig_mix","88","GAG",0.0212535968210953,"E","88_E"
"1021","g106_lig_mix","106","GGT",0.0319872894463035,"G","106_G"
"1022","g117_lig_mix","117","GGT",0.0246100997943935,"G","117_G"
"1023","g119_lig_mix","119","GGT",0.044266902618019,"G","119_G"
"1024","g123_lig_mix","123","GGT",0.0121314007905857,"G","123_G"
"1025","g125_lig_mix","125","GGT",0.0124266482568174,"G","125_G"
"1026","g129_lig_mix","129","GGT",0.0246926873037236,"G","129_G"
"1027","g148_lig_mix","148","GGT",0.0184840333816125,"G","148_G"
"1028","g15_lig_mix","15","GGT",0.0227505578869069,"G","15_G"
"1029","g4_lig_mix","4","GGT",0.0094059318905044,"G","4_G"
"1030","g41_lig_mix","41","GGT",0.0234280792420327,"G","41_G"
"1031","g43_lig_mix","43","GGT",0.0183957296055151,"G","43_G"
"1032","g72_lig_mix","72","GGT",0.0317361418177433,"G","72_G"
"1033","g74_lig_mix","74","GGT",0.0186982067328855,"G","74_G"
"1034","g8_lig_mix","8","GGT",0.0276315229269262,"G","8_G"
"1035","g80_lig_mix","80","GGT",0.028259001579954,"G","80_G"
"1036","g81_lig_mix","81","GGT",0.00719818853533548,"G","81_G"
"1037","g88_lig_mix","88","GGT",0.032230561941446,"G","88_G"
"1038","g106_lig_mix","106","GGC",0.0193751581789039,"G","106_G"
"1039","g117_lig_mix","117","GGC",0.00749711649365629,"G","117_G"
"1040","g119_lig_mix","119","GGC",0.0346119814708791,"G","119_G"
"1041","g123_lig_mix","123","GGC",0.00840565223317734,"G","123_G"
"1042","g125_lig_mix","125","GGC",0.0630652399033483,"G","125_G"
"1043","g129_lig_mix","129","GGC",0.0344549125168237,"G","129_G"
"1044","g148_lig_mix","148","GGC",0.0217083936823229,"G","148_G"
"1045","g15_lig_mix","15","GGC",0.0051788746824606,"G","15_G"
"1046","g4_lig_mix","4","GGC",0.0118848784261327,"G","4_G"
"1047","g41_lig_mix","41","GGC",0.0106230261269021,"G","41_G"
"1048","g43_lig_mix","43","GGC",0.0140750670241287,"G","43_G"
"1049","g72_lig_mix","72","GGC",0.054467982473771,"G","72_G"
"1050","g74_lig_mix","74","GGC",0.00815295401044956,"G","74_G"
"1051","g8_lig_mix","8","GGC",0.0315342804024807,"G","8_G"
"1052","g80_lig_mix","80","GGC",0.0217174377026915,"G","80_G"
"1053","g81_lig_mix","81","GGC",0.00991538553211774,"G","81_G"
"1054","g88_lig_mix","88","GGC",0.058447391258012,"G","88_G"
"1055","g106_lig_mix","106","GGA",0.0123590450212311,"G","106_G"
"1056","g117_lig_mix","117","GGA",0.0116343212476807,"G","117_G"
"1057","g119_lig_mix","119","GGA",0.0236038099203664,"G","119_G"
"1058","g123_lig_mix","123","GGA",0.0125403244127402,"G","123_G"
"1059","g125_lig_mix","125","GGA",0.0176044183638246,"G","125_G"
"1060","g129_lig_mix","129","GGA",0.0122566173171826,"G","129_G"
"1061","g148_lig_mix","148","GGA",0.0113800951789779,"G","148_G"
"1062","g15_lig_mix","15","GGA",0.00896829518182201,"G","15_G"
"1063","g4_lig_mix","4","GGA",0.0119903655127551,"G","4_G"
"1064","g41_lig_mix","41","GGA",0.0149296583405111,"G","41_G"
"1065","g43_lig_mix","43","GGA",0.0125909613175029,"G","43_G"
"1066","g72_lig_mix","72","GGA",0.0285404188607951,"G","72_G"
"1067","g74_lig_mix","74","GGA",0.011061989244225,"G","74_G"
"1068","g8_lig_mix","8","GGA",0.0221960461518811,"G","8_G"
"1069","g80_lig_mix","80","GGA",0.0191673365301993,"G","80_G"
"1070","g81_lig_mix","81","GGA",0.00624478608032416,"G","81_G"
"1071","g88_lig_mix","88","GGA",0.0246791407213434,"G","88_G"
"1072","g106_lig_mix","106","GGG",0.0244509434492843,"G","106_G"
"1073","g117_lig_mix","117","GGG",0.0127501128328569,"G","117_G"
"1074","g119_lig_mix","119","GGG",0.139879248425545,"G","119_G"
"1075","g123_lig_mix","123","GGG",0.0082390537204477,"G","123_G"
"1076","g125_lig_mix","125","GGG",0.269416637901277,"G","125_G"
"1077","g129_lig_mix","129","GGG",0.0834096007178107,"G","129_G"
"1078","g148_lig_mix","148","GGG",0.0177426029381337,"G","148_G"
"1079","g15_lig_mix","15","GGG",0.0105823076167352,"G","15_G"
"1080","g4_lig_mix","4","GGG",0.414089558536543,"G","4_G"
"1081","g41_lig_mix","41","GGG",0.0261651832711264,"G","41_G"
"1082","g43_lig_mix","43","GGG",0.0176656453466105,"G","43_G"
"1083","g72_lig_mix","72","GGG",0.133677694255738,"G","72_G"
"1084","g74_lig_mix","74","GGG",0.0137605021913456,"G","74_G"
"1085","g8_lig_mix","8","GGG",0.0385592438584789,"G","8_G"
"1086","g80_lig_mix","80","GGG",0.0421598248191368,"G","80_G"
"1087","g81_lig_mix","81","GGG",0.0502204743177214,"G","81_G"
"1088","g88_lig_mix","88","GGG",0.116392369410654,"G","88_G"
