Full_Path, IsValid,X,Y,ROI,Colour_group,N_in_clust,Area,Radius,Hue,Saturation,Rmean,Gmean,Bmean,Rsd,Gsd,Bsd, Comment
"C:\Users\ealtman\Dropbox\Photos\G8\29May19\G8-146.JPG", 0,2400,1988,0,0,2,54,5,36,128,14.9444,11.2593,5.42593,5.38608,2.88744,2.49817, "2019-06-12 [2:16:47 PM]: no comment"
"C:\Users\ealtman\Dropbox\Photos\G8\29May19\G8-146.JPG", 0,2644.5,1975.5,0,0,22,89,6,48,85,9.69663,9.17978,4.94382,2.40947,2.1174,2.09503, "2019-06-12 [2:16:47 PM]: no comment"
"C:\Users\ealtman\Dropbox\Photos\G8\29May19\G8-146.JPG", 0,2662.86,1970.45,0,0,22,370,15,40,59,8.20541,7.04054,4.66216,3.29358,2.95793,2.49844, "2019-06-12 [2:16:47 PM]: no comment"
"C:\Users\ealtman\Dropbox\Photos\G8\29May19\G8-146.JPG", 0,2612.62,1953.32,0,0,22,320,12,36,116,7.64063,6.41563,3.20938,3.29923,2.84367,2.48426, "2019-06-12 [2:16:47 PM]: no comment"
"C:\Users\ealtman\Dropbox\Photos\G8\29May19\G8-146.JPG", 0,2599.5,1950,0,0,22,204,9,40,127,8.5098,6.55882,2.93627,3.85686,2.85014,2.28371, "2019-06-12 [2:16:47 PM]: no comment"
"C:\Users\ealtman\Dropbox\Photos\G8\29May19\G8-146.JPG", 0,2568.15,1950.18,0,0,22,348,12,50,127,9.22414,7.61782,3.22414,3.54416,2.68169,2.30925, "2019-06-12 [2:16:47 PM]: no comment"
"C:\Users\ealtman\Dropbox\Photos\G8\29May19\G8-146.JPG", 0,2586.45,1947.29,0,0,22,129,7,24,85,9.5969,7.34109,4.55039,3.45113,2.64008,2.40851, "2019-06-12 [2:16:47 PM]: no comment"
"C:\Users\ealtman\Dropbox\Photos\G8\29May19\G8-146.JPG", 0,2545,1931,0,0,22,46,5,60,105,11.9348,11.913,4.69565,2.57979,1.92844,1.74803, "2019-06-12 [2:16:47 PM]: no comment"
"C:\Users\ealtman\Dropbox\Photos\G8\29May19\G8-146.JPG", 0,1641.06,1628.77,1,0,3,89,7,50,50,109.067,103.191,73.0449,2.75331,2.34813,2.68876, "2019-06-12 [2:16:47 PM]: no comment"
"C:\Users\ealtman\Dropbox\Photos\G8\29May19\G8-146.JPG", 0,1645.5,1622,1,0,3,56,5,52,47,109.375,104.464,74.8393,3.09218,2.5232,2.44885, "2019-06-12 [2:16:47 PM]: no comment"
"C:\Users\ealtman\Dropbox\Photos\G8\29May19\G8-146.JPG", 0,1635.68,1620.24,1,0,3,99,6,48,51,111.061,104.364,74.4545,4.09061,2.7142,2.57809, "2019-06-12 [2:16:47 PM]: no comment"
"C:\Users\ealtman\Dropbox\Photos\G8\29May19\G8-146.JPG", 0,2704,1672,0,0,6,169,8,44,156,25.3728,19.574,5.89941,5.94557,4.12588,3.50832, "2019-06-12 [2:16:47 PM]: no comment"
"C:\Users\ealtman\Dropbox\Photos\G8\29May19\G8-146.JPG", 0,2675.5,1619,0,0,6,4598,41,36,164,23.0685,16.2051,5.34993,5.81288,4.33355,2.85466, "2019-06-12 [2:16:47 PM]: no comment"
"C:\Users\ealtman\Dropbox\Photos\G8\29May19\G8-146.JPG", 1,1936,1245.5,1,0,2,1262,22,50,57,109.437,102.093,69.4168,7.32121,5.10193,3.66734, "2019-06-12 [2:16:47 PM]: no comment"
"C:\Users\ealtman\Dropbox\Photos\G8\29May19\G8-146.JPG", 1,782.143,1217.76,1,0,2,417,15,50,52,114.583,108.201,76.1031,5.49764,4.04447,2.89444, "2019-06-12 [2:16:47 PM]: no comment"
"C:\Users\ealtman\Dropbox\Photos\G8\29May19\G8-146.JPG", 1,1534.48,795.334,1,0,2,3944,36,48,52,155.695,146.298,105.297,9.59943,7.17035,5.91158, "2019-06-12 [2:16:47 PM]: no comment"
"C:\Users\ealtman\Dropbox\Photos\G8\29May19\G8-146.JPG", 1,1537.5,728,1,0,2,3816,38,50,51,148.796,140.131,99.3656,7.62382,5.78874,4.36958, "2019-06-12 [2:16:47 PM]: no comment"
"C:\Users\ealtman\Dropbox\Photos\G8\29May19\G8-146.JPG", 0,1200.2,330.1,1,0,6,78,6,48,57,136.474,125.705,85.6667,2.63867,2.39697,3.01702, "2019-06-12 [2:16:47 PM]: no comment"
"C:\Users\ealtman\Dropbox\Photos\G8\29May19\G8-146.JPG", 0,1189.25,325.75,1,0,6,223,9,46,53,130.534,121.283,85.991,5.46385,4.25397,3.09632, "2019-06-12 [2:16:47 PM]: no comment"
"C:\Users\ealtman\Dropbox\Photos\G8\29May19\G8-146.JPG", 0,1201.3,315.664,1,0,6,184,8,46,54,130.571,121.489,85.038,6.59361,4.44205,3.29453, "2019-06-12 [2:16:47 PM]: no comment"
"C:\Users\ealtman\Dropbox\Photos\G8\29May19\G8-146.JPG", 1,1321.5,280.5,1,0,2,562,15,46,58,128.859,118.272,81.3505,5.63468,4.72864,3.34708, "2019-06-12 [2:16:47 PM]: no comment"
"C:\Users\ealtman\Dropbox\Photos\G8\29May19\G8-146.JPG", 0,1621.5,259.5,1,0,4,184,9,48,57,121.353,112.016,76.9185,4.81931,3.8351,2.82342, "2019-06-12 [2:16:47 PM]: no comment"
"C:\Users\ealtman\Dropbox\Photos\G8\29May19\G8-146.JPG", 0,1621.25,244.25,1,0,4,140,9,48,60,122.507,113.386,76.3214,4.54662,2.60617,2.943, "2019-06-12 [2:16:47 PM]: no comment"
"C:\Users\ealtman\Dropbox\Photos\G8\29May19\G8-146.JPG", 0,1633,242.5,1,0,4,263,10,48,58,120.928,112.152,75.6464,4.25099,3.34311,3.22338, "2019-06-12 [2:16:47 PM]: no comment"
"C:\Users\ealtman\Dropbox\Photos\G8\29May19\G8-146.JPG", 0,2612.69,19.9616,0,0,2,87,6,36,182,18.1379,11.7126,3.17241,7.12358,5.88702,2.90708, "2019-06-12 [2:16:47 PM]: no comment"
"C:\Users\ealtman\Dropbox\Photos\G8\29May19\G8-146.JPG", 0,2611,9.5,0,0,2,107,7,36,188,20.0187,12.9346,2.97196,8.32297,7.02994,2.98809, "2019-06-12 [2:16:47 PM]: no comment"
"C:\Users\ealtman\Dropbox\Photos\G8\29May19\G8-146.JPG", 0,317,1990,0,0,1,253,11,26,58,18.8933,15.4308,12.166,3.36419,2.57053,2.52584, "2019-06-12 [2:16:47 PM]: no comment"
"C:\Users\ealtman\Dropbox\Photos\G8\29May19\G8-146.JPG", 1,2022.12,1634.64,1,0,1,480,14,48,57,98.2167,91.175,61.5979,3.57693,2.50368,2.30974, "2019-06-12 [2:16:47 PM]: no comment"
"C:\Users\ealtman\Dropbox\Photos\G8\29May19\G8-146.JPG", 1,1506,1536.5,1,0,1,1749,25,48,47,118.298,111.46,80.7593,4.81743,3.99556,3.11067, "2019-06-12 [2:16:47 PM]: no comment"
"C:\Users\ealtman\Dropbox\Photos\G8\29May19\G8-146.JPG", 1,959.5,1516,1,0,1,1789,26,48,50,109.976,103.331,74.0224,5.72922,3.60524,3.06153, "2019-06-12 [2:16:47 PM]: no comment"
"C:\Users\ealtman\Dropbox\Photos\G8\29May19\G8-146.JPG", 1,1965.5,1466.5,1,0,1,220,9,48,59,105.895,97.5909,66.0045,4.0545,3.36565,2.99886, "2019-06-12 [2:16:47 PM]: no comment"
"C:\Users\ealtman\Dropbox\Photos\G8\29May19\G8-146.JPG", 1,1530.6,1464.73,1,0,1,3349,35,48,47,121.794,115.046,83.5852,6.14625,4.54664,3.43095, "2019-06-12 [2:16:47 PM]: no comment"
"C:\Users\ealtman\Dropbox\Photos\G8\29May19\G8-146.JPG", 1,1755.66,1380.63,1,0,1,2109,27,48,52,121.415,113.345,80.3907,7.29065,5.30778,3.59116, "2019-06-12 [2:16:47 PM]: no comment"
"C:\Users\ealtman\Dropbox\Photos\G8\29May19\G8-146.JPG", 1,897.8,1300.6,1,0,1,1088,19,52,46,111.091,107.107,77.4936,5.78662,4.42134,3.69565, "2019-06-12 [2:16:47 PM]: no comment"
"C:\Users\ealtman\Dropbox\Photos\G8\29May19\G8-146.JPG", 1,1885.75,1269.75,1,0,1,247,10,46,59,122.061,111.255,76.2874,6.78148,4.76051,3.17698, "2019-06-12 [2:16:47 PM]: no comment"
"C:\Users\ealtman\Dropbox\Photos\G8\29May19\G8-146.JPG", 1,2153.91,1250.85,1,0,1,1293,21,52,62,88.9869,83.7355,54.3735,4.6469,3.68702,3.18279, "2019-06-12 [2:16:47 PM]: no comment"
"C:\Users\ealtman\Dropbox\Photos\G8\29May19\G8-146.JPG", 1,969.192,1235.46,1,0,1,1849,25,52,44,118.934,114.429,83.5744,7.62264,5.42087,4.12166, "2019-06-12 [2:16:47 PM]: no comment"
"C:\Users\ealtman\Dropbox\Photos\G8\29May19\G8-146.JPG", 1,2093,1220.5,1,0,1,779,17,52,58,94.285,88.8293,58.6804,5.03749,3.89045,3.25903, "2019-06-12 [2:16:47 PM]: no comment"
"C:\Users\ealtman\Dropbox\Photos\G8\29May19\G8-146.JPG", 1,993.463,1197.21,1,0,1,196,8,48,51,136.056,126.684,90.5051,6.70105,4.34602,3.60591, "2019-06-12 [2:16:47 PM]: no comment"
"C:\Users\ealtman\Dropbox\Photos\G8\29May19\G8-146.JPG", 1,1900,1183,1,0,1,52,5,44,62,128.173,114.981,78.3077,4.04909,3.29959,2.51326, "2019-06-12 [2:16:47 PM]: no comment"
"C:\Users\ealtman\Dropbox\Photos\G8\29May19\G8-146.JPG", 1,1231.98,1147.28,1,0,1,749,16,50,46,157.434,149.824,113.899,9.2313,6.23987,5.57956, "2019-06-12 [2:16:47 PM]: no comment"
"C:\Users\ealtman\Dropbox\Photos\G8\29May19\G8-146.JPG", 1,812.724,1159.15,1,0,1,3585,35,50,50,111.54,105.662,74.6335,6.76026,5.12172,3.98543, "2019-06-12 [2:16:47 PM]: no comment"
"C:\Users\ealtman\Dropbox\Photos\G8\29May19\G8-146.JPG", 1,1921.5,1080.5,1,0,1,1258,21,50,59,117.072,108.749,73.2989,9.16836,6.5287,4.08564, "2019-06-12 [2:16:47 PM]: no comment"
"C:\Users\ealtman\Dropbox\Photos\G8\29May19\G8-146.JPG", 1,2087.5,1059,1,0,1,730,16,50,61,98.2795,92.1466,60.1123,5.58063,4.39728,3.16978, "2019-06-12 [2:16:47 PM]: no comment"
"C:\Users\ealtman\Dropbox\Photos\G8\29May19\G8-146.JPG", 1,981,1076,1,0,1,3900,36,54,43,123.713,120.332,88.4195,8.88988,6.39174,4.63211, "2019-06-12 [2:16:47 PM]: no comment"
"C:\Users\ealtman\Dropbox\Photos\G8\29May19\G8-146.JPG", 1,1687.48,1032.59,1,0,1,1494,24,46,54,154.864,142.515,100.869,10.6359,7.9668,5.68453, "2019-06-12 [2:16:47 PM]: no comment"
"C:\Users\ealtman\Dropbox\Photos\G8\29May19\G8-146.JPG", 1,1455.7,1024.79,1,0,1,1816,26,44,72,186.719,172.686,134.092,10.1355,7.43568,5.89637, "2019-06-12 [2:16:47 PM]: no comment"
"C:\Users\ealtman\Dropbox\Photos\G8\29May19\G8-146.JPG", 1,1303.26,998.697,1,0,1,1473,22,46,67,185.864,173.703,136.663,10.8455,7.48552,5.74374, "2019-06-12 [2:16:47 PM]: no comment"
"C:\Users\ealtman\Dropbox\Photos\G8\29May19\G8-146.JPG", 1,1903.12,967.136,1,0,1,1235,20,48,60,122.944,113.306,76.0567,10.0414,6.74677,4.2146, "2019-06-12 [2:16:47 PM]: no comment"
"C:\Users\ealtman\Dropbox\Photos\G8\29May19\G8-146.JPG", 1,942.416,961.342,1,0,1,1695,25,52,45,122.78,118.33,85.8796,10.2635,7.29281,4.66193, "2019-06-12 [2:16:47 PM]: no comment"
"C:\Users\ealtman\Dropbox\Photos\G8\29May19\G8-146.JPG", 1,1113.48,948.757,1,0,1,1628,23,52,42,147.651,141.682,105.904,10.824,7.63347,6.17216, "2019-06-12 [2:16:47 PM]: no comment"
"C:\Users\ealtman\Dropbox\Photos\G8\29May19\G8-146.JPG", 1,1549.5,918,1,0,1,147,8,42,84,192.238,173.197,129.803,7.22299,5.33878,4.64148, "2019-06-12 [2:16:47 PM]: no comment"
"C:\Users\ealtman\Dropbox\Photos\G8\29May19\G8-146.JPG", 1,2255.5,851,1,0,1,1321,21,50,70,93.436,86.3248,53.4444,4.84551,3.67147,3.16051, "2019-06-12 [2:16:47 PM]: no comment"
"C:\Users\ealtman\Dropbox\Photos\G8\29May19\G8-146.JPG", 1,2311.5,837,1,0,1,553,14,50,73,94.1609,86.8788,52.0542,4.12855,3.02823,2.89144, "2019-06-12 [2:16:47 PM]: no comment"
"C:\Users\ealtman\Dropbox\Photos\G8\29May19\G8-146.JPG", 1,1094.75,853.25,1,0,1,3539,34,52,42,136.972,132.426,98.1088,9.94398,7.0864,5.15825, "2019-06-12 [2:16:47 PM]: no comment"
"C:\Users\ealtman\Dropbox\Photos\G8\29May19\G8-146.JPG", 1,983.991,763.197,1,0,1,3546,35,54,44,118.142,115.003,83.2552,9.38957,6.66082,4.42414, "2019-06-12 [2:16:47 PM]: no comment"
"C:\Users\ealtman\Dropbox\Photos\G8\29May19\G8-146.JPG", 1,1863.12,661.778,1,0,1,520,14,48,62,125.427,114.915,76.0615,8.12947,5.00439,3.55781, "2019-06-12 [2:16:47 PM]: no comment"
"C:\Users\ealtman\Dropbox\Photos\G8\29May19\G8-146.JPG", 1,2167.76,544.269,1,0,1,300,11,44,72,107.213,95.29,59.81,3.53532,2.7183,2.52115, "2019-06-12 [2:16:47 PM]: no comment"
"C:\Users\ealtman\Dropbox\Photos\G8\29May19\G8-146.JPG", 1,1142.91,481.109,1,0,1,1894,26,52,46,117.241,112.449,80.6552,10.307,7.31179,4.65326, "2019-06-12 [2:16:47 PM]: no comment"
"C:\Users\ealtman\Dropbox\Photos\G8\29May19\G8-146.JPG", 1,2100,473.5,1,0,1,1548,23,46,64,101.572,92.5433,60.708,6.87306,4.58057,3.01865, "2019-06-12 [2:16:47 PM]: no comment"
"C:\Users\ealtman\Dropbox\Photos\G8\29May19\G8-146.JPG", 1,1522.95,443.15,1,0,1,1615,24,48,56,128.285,118.876,81.6607,9.58494,7.02954,4.54258, "2019-06-12 [2:16:47 PM]: no comment"
"C:\Users\ealtman\Dropbox\Photos\G8\29May19\G8-146.JPG", 0,2987,449,0,0,1,1642,25,48,98,9.05359,8.13398,3.98782,10.5435,7.72573,3.09892, "2019-06-12 [2:16:47 PM]: no comment"
"C:\Users\ealtman\Dropbox\Photos\G8\29May19\G8-146.JPG", 1,1282.68,391.946,1,0,1,884,17,48,51,125.455,117.396,83.1165,8.85899,6.41004,4.31714, "2019-06-12 [2:16:47 PM]: no comment"
"C:\Users\ealtman\Dropbox\Photos\G8\29May19\G8-146.JPG", 1,1432.19,367.268,1,0,1,1350,22,48,57,127.57,117.7,81.2059,9.36371,6.67708,4.0391, "2019-06-12 [2:16:47 PM]: no comment"
"C:\Users\ealtman\Dropbox\Photos\G8\29May19\G8-146.JPG", 1,1878.83,331.512,1,0,1,857,17,48,60,109.646,100.72,67.6884,6.55401,4.88679,3.1029, "2019-06-12 [2:16:47 PM]: no comment"
"C:\Users\ealtman\Dropbox\Photos\G8\29May19\G8-146.JPG", 1,1938.5,295,1,0,1,1496,23,46,62,108.182,98.1063,66.01,6.68286,5.06762,3.30943, "2019-06-12 [2:16:47 PM]: no comment"
"C:\Users\ealtman\Dropbox\Photos\G8\29May19\G8-146.JPG", 1,1718.25,283.75,1,0,1,1236,22,48,56,114.053,106.089,73.1246,7.43951,5.40765,3.56072, "2019-06-12 [2:16:47 PM]: no comment"
"C:\Users\ealtman\Dropbox\Photos\G8\29May19\G8-190.JPG", 0,629.5,1991,0,0,4,56,5,66,47,31.0714,31.875,22.1964,3.01651,2.64819,2.60823, "2019-06-12 [2:18:08 PM]: no comment"
"C:\Users\ealtman\Dropbox\Photos\G8\29May19\G8-190.JPG", 0,319,1990,0,0,4,248,10,34,62,18.0968,14.6815,10.8589,3.49813,2.71313,2.23468, "2019-06-12 [2:18:08 PM]: no comment"
"C:\Users\ealtman\Dropbox\Photos\G8\29May19\G8-190.JPG", 0,1754.6,1874.8,0,0,4,89,7,40,45,19.7079,18.2472,13.8764,5.0397,2.83769,2.90694, "2019-06-12 [2:18:08 PM]: no comment"
"C:\Users\ealtman\Dropbox\Photos\G8\29May19\G8-190.JPG", 0,2129.5,1754,0,0,5,52,5,48,98,18.0385,15.8654,7.61538,3.15693,2.17717,2.76672, "2019-06-12 [2:18:08 PM]: no comment"
"C:\Users\ealtman\Dropbox\Photos\G8\29May19\G8-190.JPG", 0,2129.82,1740.21,0,0,5,45,5,34,62,17.8,14.9333,10.9778,2.48474,1.99778,1.74502, "2019-06-12 [2:18:08 PM]: no comment"
"C:\Users\ealtman\Dropbox\Photos\G8\29May19\G8-190.JPG", 1,2014.5,1689,1,0,2,112,7,44,68,114.286,101.08,65.8393,3.90452,2.93251,2.65591, "2019-06-12 [2:18:08 PM]: no comment"
"C:\Users\ealtman\Dropbox\Photos\G8\29May19\G8-190.JPG", 0,2156,1615.5,1,0,3,313,13,44,69,106.093,94.2843,60.5751,4.1996,2.96429,2.83721, "2019-06-12 [2:18:08 PM]: no comment"
"C:\Users\ealtman\Dropbox\Photos\G8\29May19\G8-190.JPG", 0,2167.75,1602.75,1,0,3,349,13,44,71,105.65,93.0258,60.0201,4.06255,2.89159,2.85496, "2019-06-12 [2:18:08 PM]: no comment"
"C:\Users\ealtman\Dropbox\Photos\G8\29May19\G8-190.JPG", 0,2705,1686.5,0,0,6,89,6,38,156,24.6629,17.7528,6.35955,4.20093,2.98467,2.6301, "2019-06-12 [2:18:08 PM]: no comment"
"C:\Users\ealtman\Dropbox\Photos\G8\29May19\G8-190.JPG", 0,2702,1674,0,0,6,224,9,36,159,26.2366,18.3304,5.71429,4.97787,2.84385,2.97271, "2019-06-12 [2:18:08 PM]: no comment"
"C:\Users\ealtman\Dropbox\Photos\G8\29May19\G8-190.JPG", 0,2676,1624,0,0,6,4607,41,36,164,23.3425,16.1483,5.42175,5.53196,4.00176,2.93264, "2019-06-12 [2:18:08 PM]: no comment"
"C:\Users\ealtman\Dropbox\Photos\G8\29May19\G8-190.JPG", 1,2010.38,1512.84,1,0,2,3675,38,48,60,99.8838,92.6588,62.105,5.6077,4.40332,3.45567, "2019-06-12 [2:18:08 PM]: no comment"
"C:\Users\ealtman\Dropbox\Photos\G8\29May19\G8-190.JPG", 1,1954.25,1507.6,1,0,2,3354,36,48,60,102.94,94.7069,63.867,7.33256,5.27062,3.68971, "2019-06-12 [2:18:08 PM]: no comment"
"C:\Users\ealtman\Dropbox\Photos\G8\29May19\G8-190.JPG", 0,2276.5,1437,1,0,3,54,5,46,74,86.7778,78,47.5741,3.13148,2,2.44788, "2019-06-12 [2:18:08 PM]: no comment"
"C:\Users\ealtman\Dropbox\Photos\G8\29May19\G8-190.JPG", 0,798.6,1356.2,0,0,2,46,5,24,124,48.7391,30.3913,16.7609,21.2178,8.80044,8.03774, "2019-06-12 [2:18:08 PM]: no comment"
"C:\Users\ealtman\Dropbox\Photos\G8\29May19\G8-190.JPG", 0,2365.76,1298.2,1,0,3,122,7,46,77,81.7705,72.541,43.7295,2.68789,2.59994,2.47124, "2019-06-12 [2:18:08 PM]: no comment"
"C:\Users\ealtman\Dropbox\Photos\G8\29May19\G8-190.JPG", 1,887,1072.5,1,0,2,134,7,52,46,117.761,112.612,81.6493,4.32601,3.11572,3.91229, "2019-06-12 [2:18:08 PM]: no comment"
"C:\Users\ealtman\Dropbox\Photos\G8\29May19\G8-190.JPG", 1,812.12,916.34,1,0,6,135,8,50,48,111.119,105.007,75.6222,5.21295,2.70183,3.10068, "2019-06-12 [2:18:08 PM]: no comment"
"C:\Users\ealtman\Dropbox\Photos\G8\29May19\G8-190.JPG", 0,2219.5,868,1,0,11,54,5,50,70,92.8704,86.3519,53.3889,2.79553,2.02121,2.40655, "2019-06-12 [2:18:08 PM]: no comment"
"C:\Users\ealtman\Dropbox\Photos\G8\29May19\G8-190.JPG", 0,2205.35,865.731,1,0,11,144,8,48,65,90.7917,84.4167,54.1528,4.15541,2.85405,2.56489, "2019-06-12 [2:18:08 PM]: no comment"
"C:\Users\ealtman\Dropbox\Photos\G8\29May19\G8-190.JPG", 0,2204.48,855.335,1,0,11,163,9,48,66,92.1411,85.0613,53.8282,4.01708,3.12982,2.75351, "2019-06-12 [2:18:08 PM]: no comment"
"C:\Users\ealtman\Dropbox\Photos\G8\29May19\G8-190.JPG", 0,2205.3,844.1,1,0,11,123,7,50,65,93.2683,86.6992,54.6829,4.2487,2.80755,2.43882, "2019-06-12 [2:18:08 PM]: no comment"
"C:\Users\ealtman\Dropbox\Photos\G8\29May19\G8-190.JPG", 1,2454.2,744.9,1,0,2,1342,22,44,81,94.801,82.772,48.8927,4.23472,3.52944,2.96818, "2019-06-12 [2:18:08 PM]: no comment"
"C:\Users\ealtman\Dropbox\Photos\G8\29May19\G8-190.JPG", 1,903.7,508.6,1,0,3,189,8,52,46,108.196,104.302,74.9418,4.37416,3.49424,2.9792, "2019-06-12 [2:18:08 PM]: no comment"
"C:\Users\ealtman\Dropbox\Photos\G8\29May19\G8-190.JPG", 0,830.75,447.75,0,0,2,55,5,18,113,31,17.9818,12.3273,16.6182,4.81142,3.34369, "2019-06-12 [2:18:08 PM]: no comment"
"C:\Users\ealtman\Dropbox\Photos\G8\29May19\G8-190.JPG", 0,2305.08,425.478,1,0,2,341,13,42,79,100.677,87.2786,53.0499,4.00465,3.02805,2.788, "2019-06-12 [2:18:08 PM]: no comment"
"C:\Users\ealtman\Dropbox\Photos\G8\29May19\G8-190.JPG", 0,2978.91,422.576,0,0,3,426,13,42,137,9.84742,8.38028,2.84038,12.1844,8.16479,2.98654, "2019-06-12 [2:18:08 PM]: no comment"
"C:\Users\ealtman\Dropbox\Photos\G8\29May19\G8-190.JPG", 0,371.5,401,0,0,10,46,5,90,25,10.087,10.8043,8.58696,2.47185,2.15381,2.2437, "2019-06-12 [2:18:08 PM]: no comment"
"C:\Users\ealtman\Dropbox\Photos\G8\29May19\G8-190.JPG", 0,371.75,376.25,0,0,10,60,5,120,12,10.2167,10.75,9.58333,2.6441,2.14928,2.30756, "2019-06-12 [2:18:08 PM]: no comment"
"C:\Users\ealtman\Dropbox\Photos\G8\29May19\G8-190.JPG", 1,1416.04,430.294,1,0,2,4679,39,52,47,116.006,111.061,80.0618,6.2499,4.71629,3.42005, "2019-06-12 [2:18:08 PM]: no comment"
"C:\Users\ealtman\Dropbox\Photos\G8\29May19\G8-190.JPG", 1,1435.39,372.638,1,0,2,1557,23,52,48,115.956,111.103,79.0604,5.61748,4.2375,3.15016, "2019-06-12 [2:18:08 PM]: no comment"
"C:\Users\ealtman\Dropbox\Photos\G8\29May19\G8-190.JPG", 1,1459.31,196.524,1,0,2,3564,39,52,48,105.041,100.807,72.0188,4.86722,3.88441,3.16607, "2019-06-12 [2:18:08 PM]: no comment"
"C:\Users\ealtman\Dropbox\Photos\G8\29May19\G8-190.JPG", 1,1406,198,1,0,2,2182,28,52,47,105.508,101.95,72.6444,5.37031,4.01414,3.15082, "2019-06-12 [2:18:08 PM]: no comment"
"C:\Users\ealtman\Dropbox\Photos\G8\29May19\G8-190.JPG", 0,368,286,0,0,14,89,6,30,55,17.0449,14.0225,10.6404,3.73105,2.5792,3.10536, "2019-06-12 [2:18:08 PM]: no comment"
"C:\Users\ealtman\Dropbox\Photos\G8\29May19\G8-190.JPG", 0,374.569,273.307,0,0,14,313,11,40,59,15.8754,13.8243,9.96166,5.11967,3.55003,3.18149, "2019-06-12 [2:18:08 PM]: no comment"
"C:\Users\ealtman\Dropbox\Photos\G8\29May19\G8-190.JPG", 0,379.7,240.1,0,0,14,1082,22,46,43,13.9233,12.8041,10.2043,4.95757,3.6195,3.42253, "2019-06-12 [2:18:08 PM]: no comment"
"C:\Users\ealtman\Dropbox\Photos\G8\29May19\G8-190.JPG", 0,453.5,177,0,0,14,255,10,60,31,14.4627,13.8745,10.851,3.52314,2.91381,2.59452, "2019-06-12 [2:18:08 PM]: no comment"
"C:\Users\ealtman\Dropbox\Photos\G8\29May19\G8-190.JPG", 0,474.5,150.5,0,0,14,513,14,40,36,11.9786,11.2651,8.95906,4.08514,2.64011,2.71687, "2019-06-12 [2:18:08 PM]: no comment"
"C:\Users\ealtman\Dropbox\Photos\G8\29May19\G8-190.JPG", 0,1186,107,0,0,2,59,6,26,74,19.8136,14.8644,11.3729,6.49722,2.38341,3.04938, "2019-06-12 [2:18:08 PM]: no comment"
"C:\Users\ealtman\Dropbox\Photos\G8\29May19\G8-190.JPG", 0,1247,77,0,0,2,61,6,16,60,21.3607,15.459,13.082,6.2823,2.28769,2.79521, "2019-06-12 [2:18:08 PM]: no comment"
"C:\Users\ealtman\Dropbox\Photos\G8\29May19\G8-190.JPG", 0,2480,96,0,0,19,54,6,32,158,17.2037,10.7222,4.46296,2.81944,1.77976,1.78676, "2019-06-12 [2:18:08 PM]: no comment"
"C:\Users\ealtman\Dropbox\Photos\G8\29May19\G8-190.JPG", 0,2467.5,85,0,0,19,204,9,30,162,17.799,10.9363,4.30882,3.76955,2.14226,2.55542, "2019-06-12 [2:18:08 PM]: no comment"
"C:\Users\ealtman\Dropbox\Photos\G8\29May19\G8-190.JPG", 0,2493.5,73.5,0,0,19,94,6,32,148,14.5957,9.75532,3.85106,3.10025,2.02818,2.38347, "2019-06-12 [2:18:08 PM]: no comment"
"C:\Users\ealtman\Dropbox\Photos\G8\29May19\G8-190.JPG", 0,318.5,12.5,0,0,3,83,6,40,25,16.6627,15.7831,13.7952,3.95458,2.38884,2.81532, "2019-06-12 [2:18:08 PM]: no comment"
"C:\Users\ealtman\Dropbox\Photos\G8\29May19\G8-190.JPG", 0,325.066,5.72131,0,0,3,135,7,24,41,18.3259,15.4889,12.8593,5.2336,3.47915,2.6109, "2019-06-12 [2:18:08 PM]: no comment"
"C:\Users\ealtman\Dropbox\Photos\G8\29May19\G8-190.JPG", 1,1145.54,1602.81,1,0,1,1987,26,44,58,124.268,111.711,77.7957,7.08022,4.94796,3.43104, "2019-06-12 [2:18:08 PM]: no comment"
"C:\Users\ealtman\Dropbox\Photos\G8\29May19\G8-190.JPG", 1,1219.99,1591.36,1,0,1,4233,39,48,52,118.32,109.814,78.2797,8.31347,5.87739,4.01264, "2019-06-12 [2:18:08 PM]: no comment"
"C:\Users\ealtman\Dropbox\Photos\G8\29May19\G8-190.JPG", 1,1631.4,1595.91,1,0,1,5162,46,48,54,114.321,105.975,74.2317,8.45613,5.98121,4.10088, "2019-06-12 [2:18:08 PM]: no comment"
"C:\Users\ealtman\Dropbox\Photos\G8\29May19\G8-190.JPG", 1,1835.54,1531.06,1,0,1,1573,23,48,59,111.657,102.564,69.6224,7.81227,5.61822,3.87476, "2019-06-12 [2:18:08 PM]: no comment"
"C:\Users\ealtman\Dropbox\Photos\G8\29May19\G8-190.JPG", 1,1433.35,1533.05,1,0,1,4286,38,48,52,122.068,113.932,81.1715,9.6054,7.08193,4.36173, "2019-06-12 [2:18:08 PM]: no comment"
"C:\Users\ealtman\Dropbox\Photos\G8\29May19\G8-190.JPG", 1,1582.65,1503.19,1,0,1,3664,35,48,52,123.306,114.565,80.9282,10.1428,7.10343,4.43078, "2019-06-12 [2:18:08 PM]: no comment"
"C:\Users\ealtman\Dropbox\Photos\G8\29May19\G8-190.JPG", 1,1015.5,1480.5,1,0,1,2829,30,46,56,121.574,111.172,78.4928,7.23743,4.9036,3.60632, "2019-06-12 [2:18:08 PM]: no comment"
"C:\Users\ealtman\Dropbox\Photos\G8\29May19\G8-190.JPG", 1,1143.34,1461.56,1,0,1,3843,35,48,48,119.643,113.362,82.4424,7.80554,5.68462,4.00264, "2019-06-12 [2:18:08 PM]: no comment"
"C:\Users\ealtman\Dropbox\Photos\G8\29May19\G8-190.JPG", 1,2166,1427,1,0,1,53,5,48,74,105.038,94.6981,58.3208,3.23997,2.10888,2.27047, "2019-06-12 [2:18:08 PM]: no comment"
"C:\Users\ealtman\Dropbox\Photos\G8\29May19\G8-190.JPG", 1,1587.5,1281.5,1,0,1,3393,34,48,53,143.329,132.753,94.3619,11.15,8.32118,5.68493, "2019-06-12 [2:18:08 PM]: no comment"
"C:\Users\ealtman\Dropbox\Photos\G8\29May19\G8-190.JPG", 1,1695,1217,1,0,1,2847,31,48,54,140.316,129.812,90.9852,10.2685,7.57162,4.87191, "2019-06-12 [2:18:08 PM]: no comment"
"C:\Users\ealtman\Dropbox\Photos\G8\29May19\G8-190.JPG", 1,2016.65,1190.95,1,0,1,4524,38,50,58,99.5981,93.5754,62.6607,6.95836,4.90689,3.48391, "2019-06-12 [2:18:08 PM]: no comment"
"C:\Users\ealtman\Dropbox\Photos\G8\29May19\G8-190.JPG", 1,2350.58,1181.98,1,0,1,2593,30,48,73,85.0536,77.3455,46.7836,4.09507,3.02628,3.16622, "2019-06-12 [2:18:08 PM]: no comment"
"C:\Users\ealtman\Dropbox\Photos\G8\29May19\G8-190.JPG", 1,2011.06,1129.34,1,0,1,1430,23,50,61,104.405,97.2853,64.4958,5.96439,4.59191,3.37638, "2019-06-12 [2:18:08 PM]: no comment"
"C:\Users\ealtman\Dropbox\Photos\G8\29May19\G8-190.JPG", 1,2332.9,1096.8,1,0,1,2387,29,48,71,86.9007,79.5727,48.6364,4.83332,3.93414,3.04396, "2019-06-12 [2:18:08 PM]: no comment"
"C:\Users\ealtman\Dropbox\Photos\G8\29May19\G8-190.JPG", 1,1944.22,1098.15,1,0,1,3379,34,48,58,110.664,103.468,69.7416,9.00037,6.27507,4.071, "2019-06-12 [2:18:08 PM]: no comment"
"C:\Users\ealtman\Dropbox\Photos\G8\29May19\G8-190.JPG", 1,1398.2,1057.9,1,0,1,2254,27,46,64,182.256,170.188,132.785,11.0442,7.75098,6.39737, "2019-06-12 [2:18:08 PM]: no comment"
"C:\Users\ealtman\Dropbox\Photos\G8\29May19\G8-190.JPG", 1,2198,1010,1,0,1,2321,29,48,65,91.2723,84.212,54.0672,5.74403,4.54826,3.2121, "2019-06-12 [2:18:08 PM]: no comment"
"C:\Users\ealtman\Dropbox\Photos\G8\29May19\G8-190.JPG", 1,1961.55,956.85,1,0,1,2472,29,48,60,113.042,105.033,70.0894,9.02108,6.34048,4.15429, "2019-06-12 [2:18:08 PM]: no comment"
"C:\Users\ealtman\Dropbox\Photos\G8\29May19\G8-190.JPG", 1,1312,929.5,1,0,1,534,14,44,71,189.472,175.498,137.672,9.02257,6.24378,5.46116, "2019-06-12 [2:18:08 PM]: no comment"
"C:\Users\ealtman\Dropbox\Photos\G8\29May19\G8-190.JPG", 1,2178.97,933.41,1,0,1,4501,39,50,63,91.3772,85.3595,55.1144,5.93579,4.77277,3.34258, "2019-06-12 [2:18:08 PM]: no comment"
"C:\Users\ealtman\Dropbox\Photos\G8\29May19\G8-190.JPG", 1,2479,801,1,0,1,189,8,44,87,97.9101,83.836,47.7672,3.17181,2.7697,2.59986, "2019-06-12 [2:18:08 PM]: no comment"
"C:\Users\ealtman\Dropbox\Photos\G8\29May19\G8-190.JPG", 1,838.6,766.8,1,0,1,89,6,52,48,112.539,108.146,77.4382,2.96632,2.92879,2.5062, "2019-06-12 [2:18:08 PM]: no comment"
"C:\Users\ealtman\Dropbox\Photos\G8\29May19\G8-190.JPG", 1,1994.69,632.462,1,0,1,343,11,48,64,112.359,102.612,66.9679,4.68785,3.75291,3.39329, "2019-06-12 [2:18:08 PM]: no comment"
"C:\Users\ealtman\Dropbox\Photos\G8\29May19\G8-190.JPG", 1,2120,655.5,1,0,1,3382,35,50,64,100.038,93.0376,60.0952,6.40169,4.72551,3.67826, "2019-06-12 [2:18:08 PM]: no comment"
"C:\Users\ealtman\Dropbox\Photos\G8\29May19\G8-190.JPG", 1,2436,615,1,0,1,206,9,42,86,101.257,85.0777,50.2184,3.67255,3.72061,3.63395, "2019-06-12 [2:18:08 PM]: no comment"
"C:\Users\ealtman\Dropbox\Photos\G8\29May19\G8-190.JPG", 1,2336.28,619.703,1,0,1,4992,41,46,73,92.1348,82.4165,50.9555,4.96626,3.71913,3.00101, "2019-06-12 [2:18:08 PM]: no comment"
"C:\Users\ealtman\Dropbox\Photos\G8\29May19\G8-190.JPG", 1,1073.8,521.9,1,0,1,2864,32,58,39,105.005,104.14,76.7895,5.00815,3.85567,3.27278, "2019-06-12 [2:18:08 PM]: no comment"
"C:\Users\ealtman\Dropbox\Photos\G8\29May19\G8-190.JPG", 1,1330.56,521.194,1,0,1,4091,38,54,45,119.952,115.715,84.0792,6.1728,4.82626,3.49087, "2019-06-12 [2:18:08 PM]: no comment"
"C:\Users\ealtman\Dropbox\Photos\G8\29May19\G8-190.JPG", 1,1987.1,502.8,1,0,1,1504,24,50,60,104.87,97.7819,64.7799,6.43835,4.98422,3.46034, "2019-06-12 [2:18:08 PM]: no comment"
"C:\Users\ealtman\Dropbox\Photos\G8\29May19\G8-190.JPG", 1,1800.5,490.5,1,0,1,414,12,48,59,118.669,109.577,74.4251,6.61865,4.89693,3.37803, "2019-06-12 [2:18:08 PM]: no comment"
"C:\Users\ealtman\Dropbox\Photos\G8\29May19\G8-190.JPG", 1,2102.54,445.692,1,0,1,3229,34,48,61,98.0576,91.0849,59.6209,6.1761,4.41896,3.24098, "2019-06-12 [2:18:08 PM]: no comment"
"C:\Users\ealtman\Dropbox\Photos\G8\29May19\G8-190.JPG", 1,1138.61,350.347,1,0,1,3650,35,56,41,105.06,102.952,75.6896,5.28118,3.93531,3.29981, "2019-06-12 [2:18:08 PM]: no comment"
"C:\Users\ealtman\Dropbox\Photos\G8\29May19\G8-190.JPG", 1,1035.75,335.75,1,0,1,3179,37,54,41,103.738,101.189,74.8484,5.05282,4.08559,3.51631, "2019-06-12 [2:18:08 PM]: no comment"
"C:\Users\ealtman\Dropbox\Photos\G8\29May19\G8-190.JPG", 0,2836.06,276.288,0,0,1,88,7,46,255,82.6932,63.5909,0,3.76898,2.09375,1, "2019-06-12 [2:18:08 PM]: no comment"
"C:\Users\ealtman\Dropbox\Photos\G8\29May19\G8-190.JPG", 1,1929.13,237.337,1,0,1,1773,24,48,58,99.8229,93.2504,63.1055,4.77948,3.50468,3.09763, "2019-06-12 [2:18:08 PM]: no comment"
"C:\Users\ealtman\Dropbox\Photos\G8\29May19\G8-190.JPG", 1,1749.89,233.415,1,0,1,4827,41,52,53,100.883,95.5975,65.8119,5.6127,4.23606,3.24154, "2019-06-12 [2:18:08 PM]: no comment"
"C:\Users\ealtman\Dropbox\Photos\G8\29May19\G8-190.JPG", 1,2046.47,220.421,1,0,1,3253,33,44,66,99.72,89.1162,59.0808,5.04136,4.0912,3.20776, "2019-06-12 [2:18:08 PM]: no comment"
"C:\Users\ealtman\Dropbox\Photos\G8\29May19\G8-190.JPG", 0,1214.5,92.5,0,0,1,89,6,16,80,22.9101,14.9326,11.5618,11.1147,2.37226,3.89111, "2019-06-12 [2:18:08 PM]: no comment"
"C:\Users\ealtman\Dropbox\Photos\G8\29May19\wt_29May19.JPG", 0,621,1992.5,0,0,3,89,6,78,58,33.5843,37.5056,24.2472,3.27744,2.54428,3.21983, "2019-06-12 [2:19:02 PM]: no comment"
"C:\Users\ealtman\Dropbox\Photos\G8\29May19\wt_29May19.JPG", 0,635.5,1989,0,0,3,185,9,66,39,36.5027,37.8973,28.0973,3.46954,2.74146,3.27115, "2019-06-12 [2:19:02 PM]: no comment"
"C:\Users\ealtman\Dropbox\Photos\G8\29May19\wt_29May19.JPG", 0,2395,1992.5,0,0,4,86,6,40,100,15.6163,12.7209,6.67442,6.49454,3.16554,2.71479, "2019-06-12 [2:19:02 PM]: no comment"
"C:\Users\ealtman\Dropbox\Photos\G8\29May19\wt_29May19.JPG", 0,2398,1984.5,0,0,4,89,6,36,106,17.4157,12.9775,6.50562,4.17224,2.86015,2.52966, "2019-06-12 [2:19:02 PM]: no comment"
"C:\Users\ealtman\Dropbox\Photos\G8\29May19\wt_29May19.JPG", 0,316.6,1991.7,0,0,4,189,9,38,60,20.7302,17.6402,13.1005,3.80706,2.86805,2.59213, "2019-06-12 [2:19:02 PM]: no comment"
"C:\Users\ealtman\Dropbox\Photos\G8\29May19\wt_29May19.JPG", 0,311.405,1981.07,0,0,4,88,6,26,66,21.8182,17.4091,12.6364,4.25976,2.91071,2.61091, "2019-06-12 [2:19:02 PM]: no comment"
"C:\Users\ealtman\Dropbox\Photos\G8\29May19\wt_29May19.JPG", 0,2561.5,1955.5,0,0,5,46,5,60,170,10.3261,10.0217,2.45652,2.02266,2.05272,1.97147, "2019-06-12 [2:19:02 PM]: no comment"
"C:\Users\ealtman\Dropbox\Photos\G8\29May19\wt_29May19.JPG", 0,2561.83,1947.69,0,0,5,103,8,60,127,9.3301,8.59223,2.87379,2.54787,2.54189,2.36303, "2019-06-12 [2:19:02 PM]: no comment"
"C:\Users\ealtman\Dropbox\Photos\G8\29May19\wt_29May19.JPG", 0,2455.5,1920.5,0,0,4,119,6,38,127,20.563,15.9916,7.22689,3.91804,3.18665,3.07197, "2019-06-12 [2:19:02 PM]: no comment"
"C:\Users\ealtman\Dropbox\Photos\G8\29May19\wt_29May19.JPG", 0,2467.3,1916.4,0,0,4,129,7,36,118,18.6357,14.2403,6.89922,3.73914,2.77308,3.09409, "2019-06-12 [2:19:02 PM]: no comment"
"C:\Users\ealtman\Dropbox\Photos\G8\29May19\wt_29May19.JPG", 0,2479.9,1915.2,0,0,4,92,6,42,133,19.1739,14.7826,5.97826,3.3341,2.29234,2.67448, "2019-06-12 [2:19:02 PM]: no comment"
"C:\Users\ealtman\Dropbox\Photos\G8\29May19\wt_29May19.JPG", 0,576.418,1892.4,0,0,3,109,7,80,22,18.211,19.2477,15.5688,4.343,4.12186,3.46579, "2019-06-12 [2:19:02 PM]: no comment"
"C:\Users\ealtman\Dropbox\Photos\G8\29May19\wt_29May19.JPG", 0,587.219,1890.98,0,0,3,120,7,90,16,15.5917,17.2583,14.725,3.8853,4.04821,3.69556, "2019-06-12 [2:19:02 PM]: no comment"
"C:\Users\ealtman\Dropbox\Photos\G8\29May19\wt_29May19.JPG", 0,570,1887,0,0,3,54,5,80,28,13.963,15.0926,12.1111,3.13405,2.81831,2.59474, "2019-06-12 [2:19:02 PM]: no comment"
"C:\Users\ealtman\Dropbox\Photos\G8\29May19\wt_29May19.JPG", 1,1335.38,1767.89,1,0,2,1971,28,46,58,130.073,117.624,82.0746,7.23156,4.84641,3.60663, "2019-06-12 [2:19:02 PM]: no comment"
"C:\Users\ealtman\Dropbox\Photos\G8\29May19\wt_29May19.JPG", 0,2029.5,1726,1,0,3,47,5,42,66,118.83,105.468,69.5319,2.94957,2.06892,2.10802, "2019-06-12 [2:19:02 PM]: no comment"
"C:\Users\ealtman\Dropbox\Photos\G8\29May19\wt_29May19.JPG", 0,2036,1722.5,1,0,3,56,5,46,66,117.054,104.75,69.1607,3.89346,2.49104,1.90192, "2019-06-12 [2:19:02 PM]: no comment"
"C:\Users\ealtman\Dropbox\Photos\G8\29May19\wt_29May19.JPG", 0,1246.5,1740,1,0,4,583,19,44,58,133.458,120.458,84.446,4.77514,4.17006,3.31115, "2019-06-12 [2:19:02 PM]: no comment"
"C:\Users\ealtman\Dropbox\Photos\G8\29May19\wt_29May19.JPG", 0,1229.5,1726.5,1,0,4,705,19,46,57,132.44,120.217,84.4823,5.52474,4.15595,2.93146, "2019-06-12 [2:19:02 PM]: no comment"
"C:\Users\ealtman\Dropbox\Photos\G8\29May19\wt_29May19.JPG", 1,1131.75,1603.75,1,0,5,2361,35,48,51,128.179,119,85.4138,6.90704,5.12947,3.60491, "2019-06-12 [2:19:02 PM]: no comment"
"C:\Users\ealtman\Dropbox\Photos\G8\29May19\wt_29May19.JPG", 0,2036.5,1448,1,0,7,189,8,50,57,106.259,100.074,66.5291,2.95491,2.37814,2.98818, "2019-06-12 [2:19:02 PM]: no comment"
"C:\Users\ealtman\Dropbox\Photos\G8\29May19\wt_29May19.JPG", 0,2067,1447,1,0,7,134,8,52,58,105.149,99.7388,66.4179,2.37411,2.58787,2.48273, "2019-06-12 [2:19:02 PM]: no comment"
"C:\Users\ealtman\Dropbox\Photos\G8\29May19\wt_29May19.JPG", 1,2022.52,1420.78,1,0,7,2805,33,50,57,106.448,99.8627,67.0553,4.84112,3.50149,3.25571, "2019-06-12 [2:19:02 PM]: no comment"
"C:\Users\ealtman\Dropbox\Photos\G8\29May19\wt_29May19.JPG", 1,1615.25,1449.75,1,0,3,3699,37,50,51,135.042,127.573,90.2306,6.19692,4.6643,3.53669, "2019-06-12 [2:19:02 PM]: no comment"
"C:\Users\ealtman\Dropbox\Photos\G8\29May19\wt_29May19.JPG", 1,1660.44,1417.26,1,0,3,3324,35,50,52,136.288,128.113,90.4329,6.66306,5.10656,4.04963, "2019-06-12 [2:19:02 PM]: no comment"
"C:\Users\ealtman\Dropbox\Photos\G8\29May19\wt_29May19.JPG", 1,1572.7,1409.6,1,0,3,2610,30,50,50,141.329,133.031,94.5862,7.47447,5.51559,4.2787, "2019-06-12 [2:19:02 PM]: no comment"
"C:\Users\ealtman\Dropbox\Photos\G8\29May19\wt_29May19.JPG", 1,1931.88,1215.34,1,0,3,3058,36,50,55,119.286,112.424,77.2668,7.31369,5.32526,3.95874, "2019-06-12 [2:19:02 PM]: no comment"
"C:\Users\ealtman\Dropbox\Photos\G8\29May19\wt_29May19.JPG", 1,806,1121.5,1,0,3,81,6,44,58,138.037,123.79,86.5926,5.49264,6.12008,5.48255, "2019-06-12 [2:19:02 PM]: no comment"
"C:\Users\ealtman\Dropbox\Photos\G8\29May19\wt_29May19.JPG", 1,905.445,1116.19,1,0,3,2461,30,54,42,129.702,125.754,92.5754,7.09771,5.69339,3.81657, "2019-06-12 [2:19:02 PM]: no comment"
"C:\Users\ealtman\Dropbox\Photos\G8\29May19\wt_29May19.JPG", 1,1363.25,1107.25,1,0,4,76,5,44,82,200.013,186.145,147.658,2.90907,2.73739,3.14937, "2019-06-12 [2:19:02 PM]: no comment"
"C:\Users\ealtman\Dropbox\Photos\G8\29May19\wt_29May19.JPG", 0,1281.8,1038.1,1,0,9,94,7,52,58,184.436,178.064,142.234,2.34131,2.01906,2.30812, "2019-06-12 [2:19:02 PM]: no comment"
"C:\Users\ealtman\Dropbox\Photos\G8\29May19\wt_29May19.JPG", 0,1257.85,1038.56,1,0,9,1072,20,52,57,182.354,175.623,139.964,2.81592,2.34308,2.67387, "2019-06-12 [2:19:02 PM]: no comment"
"C:\Users\ealtman\Dropbox\Photos\G8\29May19\wt_29May19.JPG", 0,1240.02,1022.1,1,0,9,312,15,50,58,182.032,175.301,138.843,2.94449,1.9702,2.20003, "2019-06-12 [2:19:02 PM]: no comment"
"C:\Users\ealtman\Dropbox\Photos\G8\29May19\wt_29May19.JPG", 1,1286.31,997.462,1,0,9,2560,30,50,64,189.145,181.052,145.129,5.11083,3.98408,3.84043, "2019-06-12 [2:19:02 PM]: no comment"
"C:\Users\ealtman\Dropbox\Photos\G8\29May19\wt_29May19.JPG", 1,1227.87,982.197,1,0,9,1621,26,50,56,179.818,173.399,137.57,3.84683,3.12572,3.3729, "2019-06-12 [2:19:02 PM]: no comment"
"C:\Users\ealtman\Dropbox\Photos\G8\29May19\wt_29May19.JPG", 0,2378.5,919,1,0,30,51,5,52,71,93.6078,87.7059,52.6471,2.57279,1.86985,2.76928, "2019-06-12 [2:19:02 PM]: no comment"
"C:\Users\ealtman\Dropbox\Photos\G8\29May19\wt_29May19.JPG", 0,2371,910.5,1,0,30,43,5,48,75,94.7907,87.1628,52.2558,2.56351,2.21866,3.01267, "2019-06-12 [2:19:02 PM]: no comment"
"C:\Users\ealtman\Dropbox\Photos\G8\29May19\wt_29May19.JPG", 0,2379.5,909,1,0,30,53,5,52,70,93.3019,87.8113,52.7547,2.20666,1.86997,2.39954, "2019-06-12 [2:19:02 PM]: no comment"
"C:\Users\ealtman\Dropbox\Photos\G8\29May19\wt_29May19.JPG", 0,2357,904,1,0,30,89,6,52,70,93.382,88.4382,53.4944,2.47264,1.93563,3.09935, "2019-06-12 [2:19:02 PM]: no comment"
"C:\Users\ealtman\Dropbox\Photos\G8\29May19\wt_29May19.JPG", 0,2387,901.5,1,0,30,123,7,52,73,94.065,87.7236,52.1545,2.75184,2.18459,2.34969, "2019-06-12 [2:19:02 PM]: no comment"
"C:\Users\ealtman\Dropbox\Photos\G8\29May19\wt_29May19.JPG", 0,2367,898.5,1,0,30,57,6,50,67,94.2456,87.1754,55.4211,2.857,2.17164,2.69568, "2019-06-12 [2:19:02 PM]: no comment"
"C:\Users\ealtman\Dropbox\Photos\G8\29May19\wt_29May19.JPG", 0,2397,893,1,0,30,42,5,52,73,94.119,88.0238,52.3571,2.53068,1.98774,2.72959, "2019-06-12 [2:19:02 PM]: no comment"
"C:\Users\ealtman\Dropbox\Photos\G8\29May19\wt_29May19.JPG", 0,2379.85,889.231,1,0,30,55,5,48,70,94.5455,86.9455,53.6545,2.55877,2.06887,2.35134, "2019-06-12 [2:19:02 PM]: no comment"
"C:\Users\ealtman\Dropbox\Photos\G8\29May19\wt_29May19.JPG", 0,2355.5,889,1,0,30,54,5,52,71,93.8889,89.463,53.4074,3.18299,2.28687,2.86109, "2019-06-12 [2:19:02 PM]: no comment"
"C:\Users\ealtman\Dropbox\Photos\G8\29May19\wt_29May19.JPG", 0,2404.35,888.55,1,0,30,67,5,52,75,94.7164,89.4925,52.4478,2.47422,2.34245,2.05496, "2019-06-12 [2:19:02 PM]: no comment"
"C:\Users\ealtman\Dropbox\Photos\G8\29May19\wt_29May19.JPG", 0,2364.4,886.8,1,0,30,73,6,52,69,93.8356,88.3836,54.4521,2.7282,2.09332,2.57933, "2019-06-12 [2:19:02 PM]: no comment"
"C:\Users\ealtman\Dropbox\Photos\G8\29May19\wt_29May19.JPG", 0,2370.5,885,1,0,30,61,5,50,72,94.5738,88.0984,53.459,2.34845,1.78312,2.2749, "2019-06-12 [2:19:02 PM]: no comment"
"C:\Users\ealtman\Dropbox\Photos\G8\29May19\wt_29May19.JPG", 0,2386,884,1,0,30,54,5,50,67,93.7593,87.4259,54.6667,2.21617,1.93496,2.74271, "2019-06-12 [2:19:02 PM]: no comment"
"C:\Users\ealtman\Dropbox\Photos\G8\29May19\wt_29May19.JPG", 0,2399.47,880.882,1,0,30,89,6,52,71,94.2697,89.2697,52.9663,2.48221,1.89649,2.69897, "2019-06-12 [2:19:02 PM]: no comment"
"C:\Users\ealtman\Dropbox\Photos\G8\29May19\wt_29May19.JPG", 0,2370.43,873.01,1,0,30,89,6,52,70,94.764,88.9213,53.9438,2.64912,2.05175,3.23033, "2019-06-12 [2:19:02 PM]: no comment"
"C:\Users\ealtman\Dropbox\Photos\G8\29May19\wt_29May19.JPG", 0,1721.3,674.1,1,0,4,134,7,50,49,138.94,132.254,94.1791,3.25521,2.50465,2.28045, "2019-06-12 [2:19:02 PM]: no comment"
"C:\Users\ealtman\Dropbox\Photos\G8\29May19\wt_29May19.JPG", 1,1517.58,728.686,1,0,2,3319,35,50,49,157.563,150.733,111.506,5.66106,4.58233,4.47243, "2019-06-12 [2:19:02 PM]: no comment"
"C:\Users\ealtman\Dropbox\Photos\G8\29May19\wt_29May19.JPG", 1,1493,681.5,1,0,2,2429,29,52,46,153.494,147.196,107.833,3.99094,3.02401,3.47137, "2019-06-12 [2:19:02 PM]: no comment"
"C:\Users\ealtman\Dropbox\Photos\G8\29May19\wt_29May19.JPG", 1,1687,534,1,0,2,2904,32,52,49,129.843,124.048,87.5224,3.71684,3.01334,3.17854, "2019-06-12 [2:19:02 PM]: no comment"
"C:\Users\ealtman\Dropbox\Photos\G8\29May19\wt_29May19.JPG", 0,1658.5,525,1,0,2,53,5,50,51,135.075,127.038,90,3.11775,2.5536,2.45369, "2019-06-12 [2:19:02 PM]: no comment"
"C:\Users\ealtman\Dropbox\Photos\G8\29May19\wt_29May19.JPG", 0,2001.22,431.19,1,0,10,111,7,52,56,107.676,102.892,69.2523,2.84617,2.2107,2.3184, "2019-06-12 [2:19:02 PM]: no comment"
"C:\Users\ealtman\Dropbox\Photos\G8\29May19\wt_29May19.JPG", 0,2013.5,428.5,1,0,10,86,6,54,57,106.791,102.512,68.1744,2.88702,2.30957,3.0584, "2019-06-12 [2:19:02 PM]: no comment"
"C:\Users\ealtman\Dropbox\Photos\G8\29May19\wt_29May19.JPG", 0,2007.5,421,1,0,10,75,5,50,57,108.667,101.773,69.0533,2.52607,1.9462,2.71964, "2019-06-12 [2:19:02 PM]: no comment"
"C:\Users\ealtman\Dropbox\Photos\G8\29May19\wt_29May19.JPG", 0,1989.89,416.438,1,0,10,80,6,52,56,108.4,103.2,69.2,3.08327,2.07703,2.17686, "2019-06-12 [2:19:02 PM]: no comment"
"C:\Users\ealtman\Dropbox\Photos\G8\29May19\wt_29May19.JPG", 0,1994.84,409.38,1,0,10,89,6,54,53,106.843,102.685,69.7079,2.63459,2.09745,1.95048, "2019-06-12 [2:19:02 PM]: no comment"
"C:\Users\ealtman\Dropbox\Photos\G8\29May19\wt_29May19.JPG", 0,1990.5,401,1,0,10,92,7,52,53,108.152,102.978,70.7283,2.54593,2.16076,2.50437, "2019-06-12 [2:19:02 PM]: no comment"
"C:\Users\ealtman\Dropbox\Photos\G8\29May19\wt_29May19.JPG", 0,2984.5,454,0,0,3,1706,24,40,109,10.1653,8.38863,3.78312,11.7364,8.3678,3.08688, "2019-06-12 [2:19:02 PM]: no comment"
"C:\Users\ealtman\Dropbox\Photos\G8\29May19\wt_29May19.JPG", 0,2971.59,416.465,0,0,3,206,10,46,146,11.1019,8.80583,3.36408,11.447,7.6326,3.40317, "2019-06-12 [2:19:02 PM]: no comment"
"C:\Users\ealtman\Dropbox\Photos\G8\29May19\wt_29May19.JPG", 0,2970,406,0,0,3,183,9,40,135,13.0656,10.2131,3.57923,12.0313,8.27849,3.66387, "2019-06-12 [2:19:02 PM]: no comment"
"C:\Users\ealtman\Dropbox\Photos\G8\29May19\wt_29May19.JPG", 0,2362.66,95.3621,0,0,5,35,5,38,105,23.7429,19.2,9.71429,2.38033,2.23751,3.66803, "2019-06-12 [2:19:02 PM]: no comment"
"C:\Users\ealtman\Dropbox\Photos\G8\29May19\wt_29May19.JPG", 0,2356.5,88.5,0,0,5,62,5,44,85,22.4677,18.5323,10.5645,2.14607,2.2144,2.83708, "2019-06-12 [2:19:02 PM]: no comment"
"C:\Users\ealtman\Dropbox\Photos\G8\29May19\wt_29May19.JPG", 0,622,1974,0,0,1,57,6,80,45,35.8596,39.7018,28.4386,3.25901,2.43838,3.29429, "2019-06-12 [2:19:02 PM]: no comment"
"C:\Users\ealtman\Dropbox\Photos\G8\29May19\wt_29May19.JPG", 1,1686.74,1716.8,1,0,1,2879,32,48,54,116.651,108.735,75.736,6.68614,4.81416,3.35163, "2019-06-12 [2:19:02 PM]: no comment"
"C:\Users\ealtman\Dropbox\Photos\G8\29May19\wt_29May19.JPG", 1,1428.04,1708.53,1,0,1,4379,38,48,52,123.817,115.462,82.1181,7.84543,5.6818,3.85726, "2019-06-12 [2:19:02 PM]: no comment"
"C:\Users\ealtman\Dropbox\Photos\G8\29May19\wt_29May19.JPG", 1,1586.5,1587,1,0,1,4186,37,50,52,129.378,120.605,84.972,7.93483,5.87617,3.99417, "2019-06-12 [2:19:02 PM]: no comment"
"C:\Users\ealtman\Dropbox\Photos\G8\29May19\wt_29May19.JPG", 1,1959.08,1575.99,1,0,1,3942,37,48,59,112.391,104.475,70.4548,6.03137,4.49309,3.56768, "2019-06-12 [2:19:02 PM]: no comment"
"C:\Users\ealtman\Dropbox\Photos\G8\29May19\wt_29May19.JPG", 1,1450.88,1578.92,1,0,1,4769,41,50,51,131.845,123.628,88.3573,8.2402,5.96738,4.06644, "2019-06-12 [2:19:02 PM]: no comment"
"C:\Users\ealtman\Dropbox\Photos\G8\29May19\wt_29May19.JPG", 1,1793.41,1568.59,1,0,1,4673,39,48,56,120.248,111.718,77.3225,7.37885,5.28255,3.61328, "2019-06-12 [2:19:02 PM]: no comment"
"C:\Users\ealtman\Dropbox\Photos\G8\29May19\wt_29May19.JPG", 0,988.5,1510,1,0,1,86,6,32,75,123.209,96.4884,67.3488,22.4433,28.0421,22.7527, "2019-06-12 [2:19:02 PM]: no comment"
"C:\Users\ealtman\Dropbox\Photos\G8\29May19\wt_29May19.JPG", 1,2215.72,1501.01,1,0,1,3343,36,48,68,102.459,94.1585,59.3688,4.79903,3.58704,3.18308, "2019-06-12 [2:19:02 PM]: no comment"
"C:\Users\ealtman\Dropbox\Photos\G8\29May19\wt_29May19.JPG", 1,1786.9,1457.2,1,0,1,1614,24,48,57,132.271,122.064,83.6295,8.05366,5.58888,3.91244, "2019-06-12 [2:19:02 PM]: no comment"
"C:\Users\ealtman\Dropbox\Photos\G8\29May19\wt_29May19.JPG", 1,969.883,1464.45,1,0,1,2435,29,46,55,132.649,121.926,86.4674,7.42641,5.45907,3.84956, "2019-06-12 [2:19:02 PM]: no comment"
"C:\Users\ealtman\Dropbox\Photos\G8\29May19\wt_29May19.JPG", 1,1423.75,1408.25,1,0,1,4645,38,50,47,143.821,136.493,98.7813,7.06253,5.4631,4.3738, "2019-06-12 [2:19:02 PM]: no comment"
"C:\Users\ealtman\Dropbox\Photos\G8\29May19\wt_29May19.JPG", 1,1283.5,1377.18,1,0,1,3837,36,52,46,144.844,138.698,101.254,8.08938,6.10656,4.91785, "2019-06-12 [2:19:02 PM]: no comment"
"C:\Users\ealtman\Dropbox\Photos\G8\29May19\wt_29May19.JPG", 1,1614.88,1326.43,1,0,1,5190,41,48,50,148.581,139.593,100.018,7.76115,6.24135,4.70008, "2019-06-12 [2:19:02 PM]: no comment"
"C:\Users\ealtman\Dropbox\Photos\G8\29May19\wt_29May19.JPG", 1,1431.81,1318.85,1,0,1,5043,41,50,48,153.838,146.035,107.208,8.10996,6.27453,5.49814, "2019-06-12 [2:19:02 PM]: no comment"
"C:\Users\ealtman\Dropbox\Photos\G8\29May19\wt_29May19.JPG", 1,1789.4,1228.7,1,0,1,981,19,48,56,145.297,134.518,93.1274,7.5473,5.85077,3.85374, "2019-06-12 [2:19:02 PM]: no comment"
"C:\Users\ealtman\Dropbox\Photos\G8\29May19\wt_29May19.JPG", 1,1300.74,1214.64,1,0,1,1497,23,50,52,166.969,159.748,121.71,8.73909,6.4164,5.95161, "2019-06-12 [2:19:02 PM]: no comment"
"C:\Users\ealtman\Dropbox\Photos\G8\29May19\wt_29May19.JPG", 1,2084,1218.5,1,0,1,4923,41,54,56,102.307,97.5361,65.22,5.38499,4.12877,3.30309, "2019-06-12 [2:19:02 PM]: no comment"
"C:\Users\ealtman\Dropbox\Photos\G8\29May19\wt_29May19.JPG", 1,2316.8,1146.6,1,0,1,1239,21,52,68,95.0646,88.59,54.6764,3.66397,2.86201,2.94501, "2019-06-12 [2:19:02 PM]: no comment"
"C:\Users\ealtman\Dropbox\Photos\G8\29May19\wt_29May19.JPG", 1,795.561,1018.45,1,0,1,455,13,50,51,130.943,122.967,86.6132,4.78677,3.78556,3.39226, "2019-06-12 [2:19:02 PM]: no comment"
"C:\Users\ealtman\Dropbox\Photos\G8\29May19\wt_29May19.JPG", 1,1858,1013.5,1,0,1,4464,39,50,53,133.771,126.379,87.9453,7.14716,5.49449,3.86223, "2019-06-12 [2:19:02 PM]: no comment"
"C:\Users\ealtman\Dropbox\Photos\G8\29May19\wt_29May19.JPG", 1,1772,964,1,0,1,764,17,50,53,150.774,141.64,99.2055,6.35907,4.97506,4.03314, "2019-06-12 [2:19:02 PM]: no comment"
"C:\Users\ealtman\Dropbox\Photos\G8\29May19\wt_29May19.JPG", 1,1622.42,979.735,1,0,1,4984,46,48,59,171.833,162.043,121.856,7.29993,5.64582,5.52556, "2019-06-12 [2:19:02 PM]: no comment"
"C:\Users\ealtman\Dropbox\Photos\G8\29May19\wt_29May19.JPG", 1,1040.59,962.612,1,0,1,4381,37,56,39,147.509,144.716,108.67,5.78864,4.661,4.70832, "2019-06-12 [2:19:02 PM]: no comment"
"C:\Users\ealtman\Dropbox\Photos\G8\29May19\wt_29May19.JPG", 1,1094.3,887.4,1,0,1,4443,38,54,42,152.701,149.393,113.476,6.118,5.14052,4.88004, "2019-06-12 [2:19:02 PM]: no comment"
"C:\Users\ealtman\Dropbox\Photos\G8\29May19\wt_29May19.JPG", 1,1009.55,874.469,1,0,1,4609,39,56,39,140.342,138.255,102.593,5.07451,4.44776,4.27415, "2019-06-12 [2:19:02 PM]: no comment"
"C:\Users\ealtman\Dropbox\Photos\G8\29May19\wt_29May19.JPG", 1,1894.65,847.19,1,0,1,2320,28,50,55,128.873,121.263,83.3694,6.35182,4.33112,3.42245, "2019-06-12 [2:19:02 PM]: no comment"
"C:\Users\ealtman\Dropbox\Photos\G8\29May19\wt_29May19.JPG", 1,1927.51,787.638,1,0,1,3897,37,50,54,122.516,115.836,79.5053,4.41348,3.63538,3.17659, "2019-06-12 [2:19:02 PM]: no comment"
"C:\Users\ealtman\Dropbox\Photos\G8\29May19\wt_29May19.JPG", 1,1703.36,773.743,1,0,1,3629,35,50,50,146.506,139.261,99.1281,5.81602,4.58312,3.80963, "2019-06-12 [2:19:02 PM]: no comment"
"C:\Users\ealtman\Dropbox\Photos\G8\29May19\wt_29May19.JPG", 1,1009,707.5,1,0,1,1721,24,56,42,131.142,128.305,93.5398,5.24525,4.03005,3.45583, "2019-06-12 [2:19:02 PM]: no comment"
"C:\Users\ealtman\Dropbox\Photos\G8\29May19\wt_29May19.JPG", 1,1136.54,592.165,1,0,1,3040,33,56,42,130.484,128.368,93.4911,4.42856,3.38479,3.11789, "2019-06-12 [2:19:02 PM]: no comment"
"C:\Users\ealtman\Dropbox\Photos\G8\29May19\wt_29May19.JPG", 0,815,525,1,0,1,52,5,18,118,38.2115,21.0769,14.0769,22.8758,3.8746,5.01845, "2019-06-12 [2:19:02 PM]: no comment"
"C:\Users\ealtman\Dropbox\Photos\G8\29May19\wt_29May19.JPG", 1,1155.8,367.716,1,0,1,93,6,54,42,123.935,121.344,89.4946,2.96642,2.25719,2.5284, "2019-06-12 [2:19:02 PM]: no comment"
"C:\Users\ealtman\Dropbox\Photos\G8\29May19\wt_29May19.JPG", 1,1288.58,393.394,1,0,1,3788,37,54,46,128.08,123.577,88.5058,3.35285,2.78377,2.96759, "2019-06-12 [2:19:02 PM]: no comment"
"C:\Users\ealtman\Dropbox\Photos\G8\29May19\wt_29May19.JPG", 0,1187,154.5,1,0,1,89,6,22,97,28.5618,18.809,12.9326,13.0392,2.97101,4.13658, "2019-06-12 [2:19:02 PM]: no comment"
"C:\Users\ealtman\Dropbox\Photos\G8\29May19\wt_29May19.JPG", 0,1216.5,139,1,0,1,54,5,22,72,24.8333,18.2963,14.463,9.94996,2.24171,3.0158, "2019-06-12 [2:19:02 PM]: no comment"
"C:\Users\ealtman\Dropbox\Photos\G8\29May19\wt_29May19.JPG", 0,1249,123.5,1,0,1,89,6,26,102,28.2584,18.8764,12.1685,10.8865,2.78521,3.51394, "2019-06-12 [2:19:02 PM]: no comment"
